-- phpMyAdmin SQL Dump
-- version 5.1.0
-- https://www.phpmyadmin.net/
--
-- Host: 127.0.0.1
-- Generation Time: Apr 19, 2021 at 10:30 PM
-- Server version: 10.4.18-MariaDB
-- PHP Version: 8.0.3

SET SQL_MODE = "NO_AUTO_VALUE_ON_ZERO";
START TRANSACTION;
SET time_zone = "+00:00";


/*!40101 SET @OLD_CHARACTER_SET_CLIENT=@@CHARACTER_SET_CLIENT */;
/*!40101 SET @OLD_CHARACTER_SET_RESULTS=@@CHARACTER_SET_RESULTS */;
/*!40101 SET @OLD_COLLATION_CONNECTION=@@COLLATION_CONNECTION */;
/*!40101 SET NAMES utf8mb4 */;

--
-- Database: `appointment`
--

-- --------------------------------------------------------

--
-- Table structure for table `appointment`
--

CREATE TABLE `appointment` (
  `D_ID` int(11) NOT NULL,
  `U_ID` int(11) NOT NULL,
  `S_ID` int(11) NOT NULL,
  `CHECK_IN` time NOT NULL,
  `CHECK_OUT` time NOT NULL,
  `SERIAL` int(11) NOT NULL,
  `PRESCRIPTION` text DEFAULT NULL
) ENGINE=InnoDB DEFAULT CHARSET=latin1;

--
-- Dumping data for table `appointment`
--

INSERT INTO `appointment` (`D_ID`, `U_ID`, `S_ID`, `CHECK_IN`, `CHECK_OUT`, `SERIAL`, `PRESCRIPTION`) VALUES
(1, 7, 2, '00:00:00', '00:00:00', 1, 'Paracetamol,VitaminD'),
(2, 1, 6, '00:00:00', '00:00:00', 4, ''),
(2, 7, 4, '00:00:00', '00:00:00', 1, ''),
(2, 7, 6, '00:00:00', '00:00:00', 1, ''),
(2, 7, 7, '00:00:00', '00:00:00', 1, ''),
(2, 7, 8, '00:00:00', '00:00:00', 1, ''),
(2, 20, 6, '00:00:00', '00:00:00', 2, ''),
(2, 44, 6, '00:00:00', '00:00:00', 3, ''),
(2, 54, 6, '00:00:00', '00:00:00', 5, NULL),
(3, 1, 9, '00:00:00', '00:00:00', 1, ''),
(3, 1, 21, '00:00:00', '00:00:00', 3, ''),
(3, 1, 22, '00:00:00', '00:00:00', 1, ''),
(3, 7, 10, '00:00:00', '00:00:00', 1, ''),
(3, 7, 21, '00:00:00', '00:00:00', 1, ''),
(3, 7, 23, '00:00:00', '00:00:00', 1, ''),
(3, 20, 21, '00:00:00', '00:00:00', 2, ''),
(3, 51, 21, '00:00:00', '00:00:00', 4, NULL);

-- --------------------------------------------------------

--
-- Table structure for table `category`
--

CREATE TABLE `category` (
  `C_ID` int(11) NOT NULL,
  `NAME` varchar(50) NOT NULL
) ENGINE=InnoDB DEFAULT CHARSET=latin1;

--
-- Dumping data for table `category`
--

INSERT INTO `category` (`C_ID`, `NAME`) VALUES
(31, 'ASTHMA'),
(32, 'CANCER'),
(5, 'CARDIOLOGY'),
(1, 'CHILD'),
(39, 'DENTAL'),
(33, 'DERMATOLOGY'),
(37, 'DIABETES'),
(38, 'GASTROENTEROLOGY'),
(28, 'GENERAL SURGERY'),
(25, 'GYNECOLOGY'),
(29, 'LAPAROSCOPIC SURGERY'),
(2, 'MEDICINE'),
(30, 'NEUROMEDICINE'),
(34, 'NEUROSURGERY'),
(26, 'OBSTETRICS'),
(35, 'ORTHOPEDIC'),
(27, 'ORTHOPEDIC SURGERY'),
(23, 'PHYSICAL MEDICINE'),
(4, 'PSYCHOLOGY'),
(24, 'REHABILITATION'),
(3, 'SKIN'),
(36, 'UROLOGY');

-- --------------------------------------------------------

--
-- Table structure for table `doctor`
--

CREATE TABLE `doctor` (
  `D_ID` int(11) NOT NULL,
  `INFO` varchar(50) DEFAULT NULL,
  `FEE` text DEFAULT NULL,
  `RATING_N` int(4) DEFAULT 1,
  `RATING_SUM` float DEFAULT 5,
  `RATING` float GENERATED ALWAYS AS (`RATING_SUM` / `RATING_N`) STORED
) ENGINE=InnoDB DEFAULT CHARSET=latin1;

--
-- Dumping data for table `doctor`
--

INSERT INTO `doctor` (`D_ID`, `INFO`, `FEE`, `RATING_N`, `RATING_SUM`) VALUES
(1, 'MBBS,MD(CARDIOLOGY)', '500', 4, 12),
(2, 'LEADER', '1', 49, 115),
(3, 'SHEEP', '10', 4, 13),
(8, NULL, NULL, 1, 5),
(20, NULL, NULL, 8, 12),
(22, 'MBBS,MD(CARDIOLOGY)', '500', 1, 5),
(23, 'MBBS,FCPS', '500', 1, 5),
(24, 'DGO,FCPS(Gynae and OBs)', '500', 1, 5),
(48, NULL, NULL, 1, 5),
(49, NULL, NULL, 1, 5),
(50, NULL, NULL, 1, 5),
(52, NULL, NULL, 1, 5),
(54, NULL, NULL, 1, 5);

-- --------------------------------------------------------

--
-- Table structure for table `d_category`
--

CREATE TABLE `d_category` (
  `D_ID` int(11) NOT NULL,
  `C_ID` int(11) NOT NULL
) ENGINE=InnoDB DEFAULT CHARSET=latin1;

--
-- Dumping data for table `d_category`
--

INSERT INTO `d_category` (`D_ID`, `C_ID`) VALUES
(1, 1),
(1, 3),
(1, 5),
(1, 23),
(1, 39),
(2, 2),
(2, 4),
(2, 5),
(3, 2),
(22, 5),
(23, 23),
(24, 25),
(24, 26);

-- --------------------------------------------------------

--
-- Table structure for table `schedule`
--

CREATE TABLE `schedule` (
  `S_ID` int(11) NOT NULL,
  `D_ID` int(11) NOT NULL,
  `DAY` varchar(10) NOT NULL,
  `START` time NOT NULL,
  `END` time NOT NULL,
  `LOCATION` text NOT NULL,
  `MAX_P` int(11) NOT NULL,
  `date` date NOT NULL
) ENGINE=InnoDB DEFAULT CHARSET=latin1;

--
-- Dumping data for table `schedule`
--

INSERT INTO `schedule` (`S_ID`, `D_ID`, `DAY`, `START`, `END`, `LOCATION`, `MAX_P`, `date`) VALUES
(2, 1, 'MONDAY', '04:00:00', '06:00:00', '2 NO. GATE', 12, '2020-02-01'),
(4, 2, 'FRIDAY', '03:00:00', '05:00:00', 'CHAWKBAZAR', 8, '2020-02-01'),
(6, 2, 'SUNDAY', '04:00:00', '05:00:00', 'GEC', 6, '2020-02-01'),
(7, 2, 'MONDAY', '04:00:00', '06:00:00', '2 NO. GATE', 10, '2020-02-01'),
(8, 2, 'MONDAY', '03:00:00', '06:00:00', 'GEC', 20, '2020-02-01'),
(9, 3, 'FRIDAY', '02:00:00', '04:00:00', 'GEC', 10, '2020-02-01'),
(10, 3, 'FRIDAY', '06:00:00', '08:00:00', 'GEC', 8, '2020-02-01'),
(12, 3, 'MONDAY', '07:00:00', '09:00:00', 'PROBORTOK', 10, '2020-02-01'),
(21, 3, 'SATURDAY', '15:00:00', '17:00:00', 'GEC', 7, '2020-02-01'),
(22, 3, 'SUNDAY', '15:00:00', '17:00:00', 'GEC', 7, '2020-02-01'),
(23, 3, 'SATURDAY', '15:00:00', '19:00:00', '2NO GATE', 20, '2020-02-01'),
(24, 1, 'Sunday', '12:02:00', '12:02:00', 'GEC', 44, '2020-01-26'),
(25, 20, 'Sunday', '15:00:00', '17:00:00', 'GEC', 21, '2020-01-26'),
(27, 1, 'Sunday', '13:00:00', '16:00:00', 'PROBOTTOK', 25, '2020-01-26'),
(28, 1, 'Sunday', '21:09:00', '22:59:00', 'GEC', 21, '2020-01-26'),
(29, 1, 'Sunday', '12:59:00', '12:59:00', 'GEC', 56, '2020-01-26'),
(30, 1, 'FRIDAY', '12:00:00', '12:00:00', 'GEC', 56, '2020-02-01'),
(31, 1, 'SUNDAY', '13:00:00', '12:59:00', 'GEC', 78, '2020-02-01'),
(32, 1, 'MONDAY', '23:00:00', '13:00:00', 'ART', 21, '2020-02-01'),
(33, 1, 'THURSDAY', '12:59:00', '12:59:00', 'QWE', 12, '2020-01-30'),
(34, 1, 'WEDNESDAY', '23:11:00', '14:02:00', 'HALISHOHOR', 25, '2020-01-29');

-- --------------------------------------------------------

--
-- Table structure for table `user`
--

CREATE TABLE `user` (
  `U_ID` int(11) NOT NULL,
  `FIRST_NAME` varchar(20) NOT NULL,
  `LAST_NAME` varchar(20) NOT NULL,
  `AGE` int(11) NOT NULL,
  `GENDER` varchar(6) NOT NULL,
  `EMAIL` varchar(50) NOT NULL,
  `PASSWORD` varchar(20) NOT NULL,
  `CONTACT` varchar(20) NOT NULL,
  `image` longblob NOT NULL
) ENGINE=InnoDB DEFAULT CHARSET=latin1;

--
-- Dumping data for table `user`
--

INSERT INTO `user` (`U_ID`, `FIRST_NAME`, `LAST_NAME`, `AGE`, `GENDER`, `EMAIL`, `PASSWORD`, `CONTACT`, `image`) VALUES
(1, 'LEE', 'MINSEOK', 60, 'MALE', 'exo99@gmail.com', 'XIUMIN', '1234', ''),
(2, 'KIM', 'JUNMYEON', 1, 'MALE', 'exo01@gmail.com', 'SUHO', '2345', ''),
(3, 'LAY', 'ZHANG', 10, 'MALE', 'exo10@gmail.com', 'LAY', '12', ''),
(4, 'BYUN', 'BAEKHYUN', 4, 'MALE', 'exo4@gmail.com', 'BAEKHYUN', '4567', ''),
(5, 'PARK', 'CHANYEOL', 61, 'MALE', 'exo61@gmail.com', 'CHANYEOL', '5678', ''),
(6, 'KIM', 'JONGDAE', 21, 'MALE', 'exo21@gmail.com', 'CHEN', '6789', ''),
(7, 'DO', 'KYUNGSOO', 12, 'MALE', 'exo12@gmail.com', 'D.O.', '1993', ''),
(8, 'KIM', 'JONGIN', 88, 'MALE', 'exo88@gmail.com', 'KAI', '8910', ''),
(9, 'OH', 'SEHUN', 94, 'MALE', 'exo94@gmail.com', 'SEHUN', '91011', ''),
(10, 'nuzat', 'Tasnim', 20, 'female', 'nzt@gmail.com', '123456', '12345567', ''),
(20, 'Nuzat', 'KYUNGSOO', 16, 'FEMALE', 'nd@gmail.com', 'abcD1234', '01891345901', ''),
(21, 'Major (Retd.) Dr. Md', 'Karim', 60, 'Male', 'RK@gmail.com', 'RK', '01234567891', ''),
(22, 'Dr.Md Abu', 'Taslim', 50, 'MALE', 'AT@gmail.com', 'Abutaslim50', '01755019576', ''),
(23, 'Dr.Md.Sheikh', 'Ahmed', 60, 'MALE', 'SA@gmail.com', 'Sahmed60', '01744589950', ''),
(24, 'Dr.Sabrina', 'Meher', 30, 'FEMALE', 'SM@gmail.com', 'Smeher30', '03125590625', ''),
(43, 'Nuzat', 'Taslim', 21, 'FEMALE', 'jannat216piyal@gmail.com', 'ABCDa1234', '01891345901', ''),
(44, 'Araf', 'Bin Mortuza', 10, 'MALE', 'arafBm@gmail.com', 'Arafbin12344', '01817754979', ''),
(45, '', '', 0, '', '', '', '', 0x72737a5f3172737a5f646f63352e6a7067),
(47, 'Nuzat', 'Taslim', 21, 'FEMALE', 'sdf@gmail.com', 'abcDefg123', '03125590625', 0x72737a5f3172737a5f646f63352e6a7067),
(48, 'Nuzat', 'Ahmed', 21, 'FEMALE', 'dabc@gmail.com', 'abcdD1234', '0123456789', 0x6176617461722e6a7067),
(49, 'DO', 'Taslim', 21, 'MALE', 'adbc@gmail.com', 'abcdD234', '03125590625', 0x433a78616d707070096d70706870453342302e746d70);
INSERT INTO `user` (`U_ID`, `FIRST_NAME`, `LAST_NAME`, `AGE`, `GENDER`, `EMAIL`, `PASSWORD`, `CONTACT`, `image`) VALUES
(50, 'Nuzat', 'Fairuz', 12, 'FEMALE', 'Pexo99@gmail.com', 'asdF%678', '0123456789', 0x646174613a696d6167652f41727261793b6261736536342f396a2f34414151536b5a4a5267414241514541534142494141442f34535069525868705a674141545530414b674141414167414267414c414149414141416d414141495967455341414d41414141424141454141414578414149414141416d4141414969414579414149414141415541414149726f647041415141414141424141414977756f63414163414141674d414141415667414145555963366741414141674141414141414141414141414141414141414141414141414141414141414141414141414141414141414141414141414141414141414141414141414141414141414141414141414141414141414141414141414141414141414141414141414141414141414141414141414141414141414141414141414141414141414141414141414141414141414141414141414141414141414141414141414141414141414141414141414141414141414141414141414141414141414141414141414141414141414141414141414141414141414141414141414141414141414141414141414141414141414141414141414141414141414141414141414141414141414141414141414141414141414141414141414141414141414141414141414141414141414141414141414141414141414141414141414141414141414141414141414141414141414141414141414141414141414141414141414141414141414141414141414141414141414141414141414141414141414141414141414141414141414141414141414141414141414141414141414141414141414141414141414141414141414141414141414141414141414141414141414141414141414141414141414141414141414141414141414141414141414141414141414141414141414141414141414141414141414141414141414141414141414141414141414141414141414141414141414141414141414141414141414141414141414141414141414141414141414141414141414141414141414141414141414141414141414141414141414141414141414141414141414141414141414141414141414141414141414141414141414141414141414141414141414141414141414141414141414141414141414141414141414141414141414141414141414141414141414141414141414141414141414141414141414141414141414141414141414141414141414141414141414141414141414141414141414141414141414141414141414141414141414141414141414141414141414141414141414141414141414141414141414141414141414141414141414141414141414141414141414141414141414141414141414141414141414141414141414141414141414141414141414141414141414141414141414141414141414141414141414141414141414141414141414141414141414141414141414141414141414141414141414141414141414141414141414141414141414141414141414141414141414141414141414141414141414141414141414141414141414141414141414141414141414141414141414141414141414141414141414141414141414141414141414141414141414141414141414141414141414141414141414141414141414141414141414141414141414141414141414141414141414141414141414141414141414141414141414141414141414141414141414141414141414141414141414141414141414141414141414141414141414141414141414141414141414141414141414141414141414141414141414141414141414141414141414141414141414141414141414141414141414141414141414141414141414141414141414141414141414141414141414141414141414141414141414141414141414141414141414141414141414141414141414141414141414141414141414141414141414141414141414141414141414141414141414141414141414141414141414141414141414141414141414141414141414141414141414141414141414141414141414141414141414141414141414141414141414141414141414141414141414141414141414141414141414141414141414141414141414141414141414141414141414141414141414141414141414141414141414141414141414141414141414141414141414141414141414141414141414141414141414141414141414141414141414141414141414141414141414141414141414141414141414141414141414141414141414141414141414141414141414141414141414141414141414141414141414141414141414141414141414141414141414141414141414141414141414141414141414141414141414141414141414141414141414141414141414141414141414141414141414141414141414141414141414141414141414141414141414141414141414141414141414141414141414141414141414141414141414141414141414141414141414141414141414141414141414141414141414141414141414141414141414141414141414141414141414141414141414141414141414141414141414141414141414141414141414141414141414141414141414141414141414141414141414141414141414141414141414141414141414141414141414141414141414141414141414141414141414141414141414141414141414141414141414141414141414141414141414141414141414141414141414141414141414141414141414141414141414141414141414141414141414141414141414141414141414141414141414141414141414141414141414141414141414141414141414141414141414141414141414141414141414141414141414141414141414141414141414141414141414141414141414141414141414141414141414141414141414141414141414141414141414141414141414141414141414141414141414141414141414141414141414141414141414141414141414141414141414141414141414141414141414141414141414141414141414141414141414141414141414141414141414141414141414141414141414141414141414141414141414141414141414141414141414141414141414141414141414141414141414141414141414141414141414141414141414141414141414141414141414141414141414141414141414141414141414141414141414141414141414141414141414141414141414141414141414141414141414141414141414141414141414141414141414141414141414141414141414141414141414141414141414141414141414141414141414141414141414141414141414141414141414141414141414141414141414141414141414141414141414141414141414141414141414141414141414141414141414141414141414141414141414141414141414141414141414141414141414141414141414141414141414141414141414141414141414141414141414141414141414141414141414141414141414141414141414141414141414141414141414141414141414141414141414141414141414141414141414141414141414141414141414141414141414141414141414141414141414141414141414141414141414141414141414141414141414141414141414141414141414141414141414141414141414141414141414141414141414141414141414141414141414141414141414141414141414141414141414141414141414141414141414141414141414141414141414141414141414141414141414141414141414141414141414141414141414141414141414141414141414141414141414141414141414141414141414141414141414141414141414141414141414141414141414141414141414141414141414141414141414141414141414141414141414141414141414141414141414141414141414141414141414141466470626d527664334d6755476876644738675257527064473979494445774c6a41754d5441774d5445754d54597a4f44514156326c755a4739336379425161473930627942465a476c30623349674d5441754d4334784d4441784d5334784e6a4d344e4141794d4449774f6a41784f6a4534494449794f6a41314f6a5132414141476b414d414167414141425141414245636b4151414167414141425141414245776b7045414167414141414d774d4141416b7049414167414141414d774d4141416f41454141774141414145414151414136687741427741414341774141416b514141414141427a7141414141434141414141414141414141414141414141414141414141414141414141414141414141414141414141414141414141414141414141414141414141414141414141414141414141414141414141414141414141414141414141414141414141414141414141414141414141414141414141414141414141414141414141414141414141414141414141414141414141414141414141414141414141414141414141414141414141414141414141414141414141414141414141414141414141414141414141414141414141414141414141414141414141414141414141414141414141414141414141414141414141414141414141414141414141414141414141414141414141414141414141414141414141414141414141414141414141414141414141414141414141414141414141414141414141414141414141414141414141414141414141414141414141414141414141414141414141414141414141414141414141414141414141414141414141414141414141414141414141414141414141414141414141414141414141414141414141414141414141414141414141414141414141414141414141414141414141414141414141414141414141414141414141414141414141414141414141414141414141414141414141414141414141414141414141414141414141414141414141414141414141414141414141414141414141414141414141414141414141414141414141414141414141414141414141414141414141414141414141414141414141414141414141414141414141414141414141414141414141414141414141414141414141414141414141414141414141414141414141414141414141414141414141414141414141414141414141414141414141414141414141414141414141414141414141414141414141414141414141414141414141414141414141414141414141414141414141414141414141414141414141414141414141414141414141414141414141414141414141414141414141414141414141414141414141414141414141414141414141414141414141414141414141414141414141414141414141414141414141414141414141414141414141414141414141414141414141414141414141414141414141414141414141414141414141414141414141414141414141414141414141414141414141414141414141414141414141414141414141414141414141414141414141414141414141414141414141414141414141414141414141414141414141414141414141414141414141414141414141414141414141414141414141414141414141414141414141414141414141414141414141414141414141414141414141414141414141414141414141414141414141414141414141414141414141414141414141414141414141414141414141414141414141414141414141414141414141414141414141414141414141414141414141414141414141414141414141414141414141414141414141414141414141414141414141414141414141414141414141414141414141414141414141414141414141414141414141414141414141414141414141414141414141414141414141414141414141414141414141414141414141414141414141414141414141414141414141414141414141414141414141414141414141414141414141414141414141414141414141414141414141414141414141414141414141414141414141414141414141414141414141414141414141414141414141414141414141414141414141414141414141414141414141414141414141414141414141414141414141414141414141414141414141414141414141414141414141414141414141414141414141414141414141414141414141414141414141414141414141414141414141414141414141414141414141414141414141414141414141414141414141414141414141414141414141414141414141414141414141414141414141414141414141414141414141414141414141414141414141414141414141414141414141414141414141414141414141414141414141414141414141414141414141414141414141414141414141414141414141414141414141414141414141414141414141414141414141414141414141414141414141414141414141414141414141414141414141414141414141414141414141414141414141414141414141414141414141414141414141414141414141414141414141414141414141414141414141414141414141414141414141414141414141414141414141414141414141414141414141414141414141414141414141414141414141414141414141414141414141414141414141414141414141414141414141414141414141414141414141414141414141414141414141414141414141414141414141414141414141414141414141414141414141414141414141414141414141414141414141414141414141414141414141414141414141414141414141414141414141414141414141414141414141414141414141414141414141414141414141414141414141414141414141414141414141414141414141414141414141414141414141414141414141414141414141414141414141414141414141414141414141414141414141414141414141414141414141414141414141414141414141414141414141414141414141414141414141414141414141414141414141414141414141414141414141414141414141414141414141414141414141414141414141414141414141414141414141414141414141414141414141414141414141414141414141414141414141414141414141414141414141414141414141414141414141414141414141414141414141414141414141414141414141414141414141414141414141414141414141414141414141414141414141414141414141414141414141414141414141414141414141414141414141414141414141414141414141414141414141414141414141414141414141414141414141414141414141414141414141414141414141414141414141414141414141414141414141414141414141414141414141414141414141414141414141414141414141414141414141414141414141414141414141414141414141414141414141414141414141414141414141414141414141414141414141414141414141414141414141414141414141414141414141414141414141414141414141414141414141414141414141414141414141414141414141414141414141414141414141414141414141414141414141414141414141414141414141414141414141414141414141414141414141414141414141414141414141414141414141414141414141414141414141414141414141414141414141414141414141414141414141414141414141414141414141414141414141414141414141414141414141414141414141414141414141414141414141414141414141414141414141414141414141414141414141414141414141414141414141414141414141414141414141414141414141414141414141414141414141414141414141414141414141414141414141414141414141414141414141414141414141414141414141414141414141414141414141414141414141414141414141414141414141414141414141414141414141414141414141414141414141414141414141414141414d6a41794d446f774d546f784f4341794d546f7a4f446f784d6741794d4449774f6a41784f6a4534494449784f6a4d344f6a4579414141414141594241774144414141414151414741414142476741464141414141514141455a5142477741464141414141514141455a77424b41414441414141415141434141414341514145414141414151414145615143416741454141414141514141456a554141414141414141415941414141414541414142674141414141662f592f3973415177414942675948426755494277634843516b49436777554451774c4377775a45684d50464230614878346447687763494351754a7941694c434d63484367334b5377774d5451304e42386e4f5430344d6a77754d7a51792f3973415177454a43516b4d43777759445130594d694563495449794d6a49794d6a49794d6a49794d6a49794d6a49794d6a49794d6a49794d6a49794d6a49794d6a49794d6a49794d6a49794d6a49794d6a49794d6a49794d6a49792f384141455167416e414541417745684141495241514d5241662f454142384141414546415145424151454241414141414141414141414241674d454251594843416b4b432f2f45414c55514141494241774d4342414d4642515145414141426651454341774145455155534954464242684e525951636963525179675a476843434e4373634556557448774a444e69636f494a4368595847426b614a53596e4b436b714e4455324e7a67354f6b4e4552555a4853456c4b55315256566c64595756706a5a47566d5a326870616e4e3064585a3365486c3667345346686f6549695971536b3553566c7065596d5a71696f36536c7071656f716171797337533174726534756272437738544678736649796372533039545631746659326472683475506b3565626e364f6e7138664c7a39505832392f6a352b762f454142384241414d42415145424151454241514541414141414141414241674d454251594843416b4b432f2f45414c555241414942416751454177514842515145414145436477414241674d52424155684d5159535156454859584554496a4b42434252436b61477877516b6a4d314c7746574a7930516f574a4454684a66455847426b614a69636f4b536f314e6a63344f547044524556475230684a536c4e5556565a5857466c615932526c5a6d646f6157707a6448563264336835656f4b44684957476834694a69704b546c4a57576c35695a6d714b6a704b576d7036697071724b7a744c57327437693575734c44784d584778386a4a79744c54314e585731396a5a32754c6a354f586d352b6a7036764c7a39505832392f6a352b762f61414177444151414345514d524144384130714b365435554b4b414371326f5848325454726d347a6a7934325966674b54324c707138306a786a4f546d6975412b7a537372425251415555414646414252514155554146464142525141555541464641487347683368763945744c686a6c326a41662f654842725172766a736647316f3874535338776f706d595555414646414252514156672b4d626a795044647741634e4b79786a38386e3941616d667773364d4b72316f727a504c614b345436344b4b41436e5278764c4973614b5764794655447554514d39706d2b47756d586668797a74472f6358304551427555484c4d65547548635a4a39363876312f77727176683255693974795953634c5048796a666a3250736135714e6137737a6f7130724b364d5369756b35676f6f414b4b41436967416f6f414b4b4150526641563135756a7a5735507a51793578374d4f503142727136376162397848796d4f5673524a4252566e494646414252514155554146636638514a6361646152663370533335442f363952552b466e5a67466645525050364b346a366f4b4b4143765176686a3459612b31442b3262714c2f5272592f756433523550582f67503838656c5a567063734761306f3830306578557961474b3469614b614e4a4933474752786b456653764e545051614f42312f7743466c68664d302b6b792f59706a7a35545a4d5a5038312f7a78586d657365474e58304a3246395a794a47446753714e794838522f5775366c575574476356576a79366f794b4b3654414b4b4242525141555541464641485865414a696d7033554f654a49673334672f2f584e65685631306668506d637a567351776f725538384b4b41436967416f6f414b34583468502b3973592f5a322f6c57645834447579355878434f506a744c6d5749797832387278723164554a412f476f613472706e314e676f70694f67384a2b467272785071516951464c534d677a7a6633523644334e652b574e6c6236645a52576472474934496c326f6f37437548457a752b55376350437935697852584d6449556a4b7271566451796b59494979434b466f473579657266446e772f71675a6f37633255783650624861502b2b656e38713458552f68547246714761776d6876564852632b57352f413866725858547846744a484c556f583169636866614e71576d735676624734677833654d67666e30716a5855704a37484b347462685256456852514d6c74376565376e574333686557567a6855525353667746624d766772784a4462473466534c6752675a4f4d456a2f67494f663071584f4d585a6c4b456e71682f67787a46346e68513542644851672f516e2b6c656e3132555068506d7332567179666b464662486c685251415555414646414258452b4b6251366e3475307254686e393871716364677a6b482b5659313361445a364f564b2b4a5237486157647659326b647262524c4842476f565555634156356438537642384e72482f626d6e52434e43324c6d4a5267416e6f7748626e725869305a745431366e326c5743635051387a72702f436667752b38537a6951686f4c42572f65546b64665a66552f7972746e4e526a646e48434c6c4b78376a70656c326d6a3245646c5a52434f46427742314a395365357135586d53643363394a4b7973676f7044436967416f6f41526c566868674350516973532b3848654874524a61665372634f6572784c355a502f664f4d31555a796a73544b436c75594631384b4e426d79594a727533627474634d503148396135765576684a71454b732b6e3338567a6a6f6b692b573338795035563077785038787a79772f59344f2b302b37307936653176626553435a44796a6a4835656f3978566175744f35794e57646d657166434854376378582b6f6b42726c57454b35483356786b2f6e2f41457231437650727538326439424a51523558347730684e4a3865365671634368497236546134413653644366784444396136437657776375616e632b547a794e713639416f72725046436967416f6f414b4b4143756369555466467253555052595366795751317a34722b457a314d6e582b31493958717666576b562f5958466e4d6f614f654e6f324239434d56344b646e632b3361756a35707537647253386d746e2b2f4649794836673472364338477943627764705467442f41493931484874782f53757a453677544f544436535a7555567848594646414252514155554146464142525142692b4a5044566c346c3035726535554c4d6f7a444f462b5a472f773952587a3971466863615a7145396c644a736d686371772f723944317274773037726c5a783469466e7a486f3377666d506e3670426e6772472f366b5636725747492f694d326f66416a6976694f672b773652506a6d4c5559694453313665416637732b597a3966766f2b6755563348674252514155554146464142584e576b6d33347661646e2f414a356c667a6a6575664666776d65726b2f3841764b5057614b38412b3350415048396d4c4c7872714b714d4c4979796a2f6753676e396331363134414a50676253382f33482f3944617575742f4352795576346a4f6c6f726b4f734b4b41436967416f6f414b4b414369674172796e34756151456c7339586a5166502b346c493965712f706e3871326f4f307a4775727749666841702f7458556d374342522f7743505636355269506a436838427850784e6b32614c59447562365048345a7031656c6750345a387a6e2f4150466a364252586566506852514155554146464142584758452f3266347036644a6e6753524b666f6550363168696634625056796a2f6555657a3056382b66626e692f78596932654b6f5a4d6636793258394361394b3846516d44775a70534559506b42767a4a50396136716a2f64524f616d7633736a656f726c4f6b4b4b41436967416f6f414b4b4143696741726c76694a62433538453332526b78625a4237595966304a713662744e45564665444f622b4439715261366e646b634d3652412f51456e2b5972303271727633325452566f4938332b4b39794658526258504c7a744952394d442f3259317156366d425837732b587a352f764968525863654146464142525141555541466563654c4a7a61654d49376b645968472f354850394b78722f41656e6c502b38664939356a645a596c6b51686c5942675233427031665050632b345778354c385637615334385261564643686557614c79315564795877422b746570325673746c5957397176335959316a422b67785739522f75346d4e4e652f4a6b39465947345555414646414252514155554146464142574834794150673756676638416e3361716838534a6c384c497642476b2f77426a2b45374f426b327a534c3530767275626e39426766685851305464354e684257696b654b2f4571392b31654e6f6f413256746f34343865354f342f7a4664734f67723263477251506b38386436692b5955563248676852514155554146464142586d6e6a6f593852443367552f716179726643656c6c5838663548726e6758555037523848616535624c78522b5333315867667069756a72352b61744a6f2b34673778544f64314851573148786c706d6f794b5073396a437a5a5065516e35522b485838425852553553756b6852566d32464651574646414252514155554146464142525141564663323056336274424f67654a38626c50513835776145424c55647850486257386b3872625934314c736651446b304c56696569506d2b2b76354e56312b612f6b2b395063623865674a3448344469765942307233734f724b7838666e4c764b4c39516f72705045436967416f6f414b4b4143764e2f486f7872385239625a662f41454a7179726643656c6c662b38664933766854727932742f506f303867574f352f65515a5038417930413548346a483556367a63334d4e7062535846784973634d61376e646a674156346c6550762b70396e516c6542494347554d446b455a427061774e776f6f414b4b41436967416f6f414b4b41436967416f6f414b382f2b4a2f69524c4c532f7743783765516661626f667663486c492f3841362f54365a72576a486d6d6a4b724b30476551572f77447839526637342f6e58745936563756445a6e79576362784369756738554b4b41436967416f6f414b383738666a2f6963577a657475422f3438315a5676685052797a2f654563716a744736756a46575535444134494e57645538533631716341746233557269614263596a5a755078396678726a355533646e30366b3072493933384436754e613849324679546d5645386d582f65586a3952672f6a585256356c52576b30656a4233696d4646515746464142525141555541464641425251415564426d675238393672342b31353959763373645775497257535a6a47696b45426338597a3034394b7770626d61376b4d39784b38737a387337746b6b2b35723149776a4859383255334a366a72622f6a36682f33782f4f7661363636477a50417a6a654955563048696852514155554146464142584166454666384154374e76574a682b522f384172316c562b4539444c503841654563645657622f414668726b52394d7a30333450613249723237305755344534383648503934634d507847442b4272324776507843744d37364476414b4b774e776f6f414b4b41436967416f6f414b4b41437561386661742f592f67362b6d56397373792b524636376d34342f444a2f43727071386b694a7530577a357a71326e33462b6c656f65595432332f4833442f76722f4f766136364b477a50447a6a65495556304869685251415555414646414258432f454a663374673373342f6c57645834547579372f65496e4531576d2f316e3456786e31425a3066553574473165313147446d53336b443754305964782b49794b2b6e4c47396831477767764c6474304d364230507361354d56485a6e586870626f735556786e57464641425251415555414646414252514156346e3857396546397263576c51795a6973686d5442344d682f7747507a4e62345a586e637778457251504f71747039786670586f48415432332f4831442f766a2b6465313130554f7034656362784369756738554b4b41436967416f6f414b347634684a6d327370505232483643733676774d37637664735245344f71302f332f414d4b347a366b6a72316e34532b4b427466772f6479386a4d6c7075503473672f6e2b645a563438304761304a63737a316969764e5052436967416f6f414b4b41436967416f6f41772f466e694b48777a6f4d39382b444d527367516e377a6e702b41366e36563833547a79584e784a504d7865575269377365355057753743787446733473544b3872456458462b34507058537a6d4a374d6272323358316b5566725874566446447165466e4878524369756738594b4b41436967416f6f414b35667833435a4e435351663873356c4a2b6842483838564654345764574464713866553833714363637161346a367768715732755a724f3669756265526f356f6d446f36395152514239432b432f463176347030734d537158384941754968362f33683747756e7279366b6557545236644f584e464d4b4b67734b4b41436967416f6f414b687537754377744a6271366c574b434a537a7578774142516c6432516d374b3538372b4d2f464d33696e57576e35533069796c7645543058315075663841363163355872516a797853504d6e4c6d6b3246585230706b6c33523038335772465057346a2f38415168587364644e445a6e6735752f666a3642525735343455554146464142525141566c654a5950744868322b6a786b695063502b416e50394b6d577a4e71447456692f4e486b6c52546a3551666575452b774b39464d4335706571586d6a61684666574d7a5254786e49493645656848634776652f422f6a6978385532776a4a57445555483779334a362b362b6f2f55567a596d6e6463794f6e44314c506c5a31564663423268525141555541464641444a5a46686961527337564754675a4e6541654e76484e31346f75446277686f4e4e6a6235496a31632f336d392f62745854686f58642b787a5969646f32376e495556336e454b4f574139367555674e76776c44353369617a4248436c6e50344b63667269765661367148776e7a32625039386c3542525778355155554146464142525141564850454a344a496d364f70552f6a515646326b6d654c537874444b38546a4449785668364556424d4d786e32727a2b70396e4633696d56714b5977713770435479617a5a5232306a787a764f696f364842424a413470505963647a3662686e776f53513867593347724e6553397a31416f704443696741714f535a592f647653674342566534666378776f72352f3866614d4e463858336b4d6162594a6a35385148514275773967636a384b36734d37537363324a5875334f5a6f72754f4964474d794c39617430674f703842773739626c6b782f7134542b704172306575756a384a38316d6a7669506b4646616e6e42525141555541464641425251423552347174767376694f37474d4352764d4834386e39633169734d715236697547576b6d66595965584e53692f4970302b474753346d53474643386a6e43714f394a4a743252704b536972736179737246574244413449506175792b46326d692f77444773457272756a744561592f5847462f55352f436f714f3057615572536b6d6a336961446638792f652f6e56644a586a4f4f336347764c5236685a536448347a672b6871576b4155316e56423878785142576b75536545344872535251467a7562686635315777467341415941774b38352b4c2b6a6936304b333152452f65576b6d3179422f41334836484835316442326d6a4b7372775a34725258706e6d334a49526d5436565a70444f392b4831747474727936492b2b36786a38426b2f7a46646e585a532b46487932594f2b496b46466148454646414252514155554146464148412f45474646764c4b63443533526c592b7749782f3645613432754b7238545071734132385045707477376657757a384432634a6a6e7532544d797473556e734d41385676684970314663354d37715370344f546a314d7678686252572b75626f31783573596b59652b53503656335877587434396d72334750336d596b42394238782f772f4b7558484b334d6b642b54546336464f5575783676554677696c43324f52586b4939347155395a58546f78716748476551393866536f736b395451674a37654e584a4c444f4b74314c414b706176617858756a5874744f75364b534231596668546a75685332506c7338456a3072743952306d7a54776245367834654b4d534b343635624763313942683471536c6673664a5a70586e5371555648724934363336745539637037423668344c514c34626849484c4d7850317a58515633512b4648794f4b64363876554b4b6f35776f6f412f2f5a41502f684d71786f644852774f693876626e4d7559575276596d5575593239744c336868634338784c6a41764144772f654842685932746c644342695a576470626a30693737752f496942705a443069567a564e4d4531775132566f61556836636d5654656b355559337072597a6c6b496a382b44516f3865447034625842745a585268494868746247357a4f6e6739496d466b62324a6c4f6d357a4f6d316c64474576496942344f6e68746348527250534a5954564167513239795a5341304c6a51754d43314665476c324d69492b44516f4a50484a6b5a6a70535245596765473173626e4d36636d526d50534a6f644852774f693876643364334c6e637a4c6d39795a7938784f546b354c7a41794c7a49794c584a6b5a69317a6557353059586774626e4d6a496a344e43676b4a50484a6b5a6a70455a584e6a636d6c7764476c76626942795a47593659574a76645851394969496765473173626e4d365a474d39496d6830644841364c79397764584a734c6d39795a79396b5979396c624756745a573530637938784c6a4576496a344e43676b4a4354786b597a706a636d5668644739795067304b43516b4a435478795a475936553256785067304b43516b4a43516b38636d526d4f6d7870506c5a6c59335276636c4e3062324e724c6d4e76625338784d6a67324e6a55794e6a7776636d526d4f6d78705067304b43516b4a43547776636d526d4f6c4e6c6354344e43676b4a435477765a474d3659334a6c59585276636a344e43676b4a504339795a4759365247567a59334a70634852706232342b44516f4a435478795a4759365247567a59334a70634852706232346765473173626e4d366547317750534a6f644852774f693876626e4d7559575276596d5575593239744c336868634338784c6a4176496a3438654731774f6b4e795a57463062334a5562323973506c6470626d527664334d6755476876644738675257527064473979494445774c6a41754d5441774d5445754d54597a4f4451384c33687463447044636d5668644739795647397662443438654731774f6b4e795a5746305a5552686447552b4d6a41794d4330774d5330784f4651794d546f7a4f446f784d6a7776654731774f6b4e795a5746305a5552686447552b504339795a4759365247567a59334a70634852706232342b504339795a475936556b52475067304b504339344f6e68746347316c6447452b44516f674943416749434167494341674943416749434167494341674943416749434167494341674943416749434167494341674943416749434167494341674943416749434167494341674943416749434167494341674943416749434167494341674943416749434167494341674943416749434167494341674943416749434167494341674369416749434167494341674943416749434167494341674943416749434167494341674943416749434167494341674943416749434167494341674943416749434167494341674943416749434167494341674943416749434167494341674943416749434167494341674943416749434167494341674943416749434167494341674943414b49434167494341674943416749434167494341674943416749434167494341674943416749434167494341674943416749434167494341674943416749434167494341674943416749434167494341674943416749434167494341674943416749434167494341674943416749434167494341674943416749434167494341674943416749416f674943416749434167494341674943416749434167494341674943416749434167494341674943416749434167494341674943416749434167494341674943416749434167494341674943416749434167494341674943416749434167494341674943416749434167494341674943416749434167494341674943416749434167494341674369416749434167494341674943416749434167494341674943416749434167494341674943416749434167494341674943416749434167494341674943416749434167494341674943416749434167494341674943416749434167494341674943416749434167494341674943416749434167494341674943416749434167494341674943414b49434167494341674943416749434167494341674943416749434167494341674943416749434167494341674943416749434167494341674943416749434167494341674943416749434167494341674943416749434167494341674943416749434167494341674943416749434167494341674943416749434167494341674943416749416f674943416749434167494341674943416749434167494341674943416749434167494341674943416749434167494341674943416749434167494341674943416749434167494341674943416749434167494341674943416749434167494341674943416749434167494341674943416749434167494341674943416749434167494341674369416749434167494341674943416749434167494341674943416749434167494341674943416749434167494341674943416749434167494341674943416749434167494341674943416749434167494341674943416749434167494341674943416749434167494341674943416749434167494341674943416749434167494341674943414b49434167494341674943416749434167494341674943416749434167494341674943416749434167494341674943416749434167494341674943416749434167494341674943416749434167494341674943416749434167494341674943416749434167494341674943416749434167494341674943416749434167494341674943416749416f674943416749434167494341674943416749434167494341674943416749434167494341674943416749434167494341674943416749434167494341674943416749434167494341674943416749434167494341674943416749434167494341674943416749434167494341674943416749434167494341674943416749434167494341674369416749434167494341674943416749434167494341674943416749434167494341674943416749434167494341674943416749434167494341674943416749434167494341674943416749434167494341674943416749434167494341674943416749434167494341674943416749434167494341674943416749434167494341674943414b49434167494341674943416749434167494341674943416749434167494341674943416749434167494341674943416749434167494341674943416749434167494341674943416749434167494341674943416749434167494341674943416749434167494341674943416749434167494341674943416749434167494341674943416749416f674943416749434167494341674943416749434167494341674943416749434167494341674943416749434167494341674943416749434167494341674943416749434167494341674943416749434167494341674943416749434167494341674943416749434167494341674943416749434167494341674943416749434167494341674369416749434167494341674943416749434167494341674943416749434167494341674943416749434167494341674943416749434167494341674943416749434167494341674943416749434167494341674943416749434167494341674943416749434167494341674943416749434167494341674943416749434167494341674943414b49434167494341674943416749434167494341674943416749434167494341674943416749434167494341674943416749434167494341674943416749434167494341674943416749434167494341674943416749434167494341674943416749434167494341674943416749434167494341674943416749434167494341674943416749416f674943416749434167494341674943416749434167494341674943416749434167494341674943416749434167494341674943416749434167494341674943416749434167494341674943416749434167494341674943416749434167494341674943416749434167494341674943416749434167494341674943416749434167494341674369416749434167494341674943416749434167494341674943416749434167494341674943416749434167494341674943416749434167494341674943416749434167494341674943416749434167494341674943416749434167494341674943416749434167494341674943416749434167494341674943416749434167494341674943414b49434167494341674943416749434167494341674943416749434167494341674943416749434167494341674943416749434167494341674943416749434167494341674943416749434167494341674943416749434167494341674943416749434167494341674943416749434167494341674943416749434167494341674943416749416f674943416749434167494341674943416749434167494341674943416749434167494341674943416749434167494341674943416749434167494341674943416749434167494341674943416749434167494341674943416749434167494341674943416749434167494341674943416749434167494341674943416749434167494341674369416749434167494341674943416749434167494341674943416749434167494341674943416749434167494341674943416749434167494341674943416749434167494341674943416749434167494341674943416749434167494341674943416749434167494341674943416749434167494341674943416749434167494341674943414b49434167494341674943416749434167494341674943416749434167494341674943416749434167494341674943416749434167494341674943416749434167494341674943416749434167494341674943416749434167494341674943416749434167494341674943416749434167494341674943416749434167494341674943416749416f674943416749434167494341674943416749434167494341674943416749434167494341674943416749434167494341674943416749434167494341674943416749434167494341674943416749434167494341674943416749434167494341674943416749434167494341674943416749434167494341674943416749434167494341674369416749434167494341674943416749434167494341674943416749434167494341674943416749434167494341674943416749434167494341674943416749434167494341674943416749434167494341674943416749434167494341674943416749434167494341674943416749434167494341674943416749434167494341674943414b49434167494341674943416749434167494341674943416749434167494341674943416749434167494341674943416749434167494341674943416749434167494341674943416749434167494341674943416749434167494341674943416749434167494341674943416749434167494341674943416749434167494341674943416749416f674943416749434167494341674943416749434167494341674943416749434167494341674943416749434167494341674943416749434167494341674943416749434167494341674943416749434167494341674943416749434167494341674943416749434167494341674943416749434167494341674943416749434167494341674369416749434167494341674943416749434167494341674943416749434167494341674943416749434167494341674943416749434167494341674943416749434167494341674943416749434167494341674943416749434167494341674943416749434167494341674943416749434167494341674943416749434167494341674943414b49434167494341674943416749434167494341674943416749434167494341674943416749434167494341674943416749434167494341674943416749434167494341674943416749434167494341674943416749434167494341674943416749434167494341674943416749434167494341674943416749434167494341674943416749416f674943416749434167494341674943416749434167494341674943416749434167494341674943416749434167494341674943416749434167494341674943416749434167494341674943416749434167494341674943416749434167494341674943416749434167494341674943416749434167494341674943416749434167494341674369416749434167494341674943416749434167494341674943416749434167494341674943416749434167494341674943416749434167494341674943416749434167494341674943416749434167494341674943416749434167494341674943416749434167494341674943416749434167494341674943416749434167494341674943414b49434167494341674943416749434167494341674943416749434167494341674943416749434167494341674943416749434167494341674943416749434167494341674943416749434167494341674943416749434167494341674943416749434167494341674943416749434167494341674943416749434167494341674943416749416f674943416749434167494341674943416749434167494341674943416749434167494341674943416749434167494341674943416749434167494341674943416749434167494341674943416749434167494341674943416749434167494341674943416749434167494341674943416749434167494341674943416749434167494341674369416749434167494341674943416749434167494341674943416749434167494341674943416749434167494341674943416749434167494341674943416749434167494341674943416749434167494341674943416749434167494341674943416749434167494341674943416749434167494341674943416749434167494341674943414b49434167494341674943416749434167494341674943416749434167494341674943416749434167494341674943416749434167494341674943416749434167494341674943416749434167494341674943416749434167494341674943416749434167494341674943416749434167494341674943416749434167494341674943416749416f674943416749434167494341674943416749434167494341674943416749434167494341674943416749434167494341674943416749434167494341674943416749434167494341674943416749434167494341674943416749434167494341674943416749434167494341674943416749434167494341674943416749434167494341674369416749434167494341674943416749434167494341674943416749434167494341674943416749434167494341674943416749434167494341674943416749434167494341674943416749434167494341674943416749434167494341674943416749434167494341674943416749434167494341674943416749434167494341674943414b49434167494341674943416749434167494341674943416749434167494341674943416749434167494341674943416749434167494341674943416749434167494341674943416749434167494341674943416749434167494341674943416749434167494341674943416749434167494341674943416749434167494341674943416749416f674943416749434167494341674943416749434167494341674943416749434167494341674943416749434167494341674943416749434167494341674943416749434167494341674943416749434167494341674943416749434167494341674943416749434167494341674943416749434167494341674943416749434167494341674369416749434167494341674943416749434167494341674943416749434167494341674943416749434167494341674943416749434167494341674943416749434167494341674943416749434167494341674943416749434167494341674943416749434167494341674943416749434167494341674943416749434167494341674943414b49434167494341674943416749434167494341674943416749434167494341674943416749434167494341674943416749434167494341674943416749434167494341674943416749434167494341674943416749434167494341674943416749434167494341674943416749434167494341674943416749434167494341674943416749416f674943416749434167494341674943416749434167494341674943416749434167494341674943416749434167494341674943416749434167494341674943416749434167494341674943416749434167494341674943416749434167494341674943416749434167494341674943416749434167494341674943416749434167494341674369416749434167494341674943416749434167494341674943416749434167494341674943416749434167494341674943416749434167494341674943416749434167494341674943416749434167494341674943416749434167494341674943416749434167494341674943416749434167494341674943416749434167494341674943414b49434167494341674943416749434167494341674943416749434167494341674943416749434167494341674943416749434167494341674943416749434167494341674943416749434167494341674943416749434167494341674943416749434167494341674943416749434167494341674943416749434167494341674943416749416f674943416749434167494341674943416749434167494341674943416749434167494341674943416749434167494341674943416749434167494341674943416749434167494341674943416749434167494341674943416749434167494341674943416749434167494341674943416749434167494341674943416749434167494341674369416749434167494341674943416749434167494341674943416749434167494341674943416749434167494341674943416749434167494341674943416749434167494341674943416749434167494341674943416749434167494341674943416749434167494341674943416749434167494341674943416749434167494341674943414b49434167494341674943416749434167494341674943416749434167494341674943416749434167494341674943416749434167494341674943416749434167494341674943416749434167494341674943416749434167494341674943416749434167494341674943416749434167494341674943416749434167494341674943416749416f674943416749434167494341674943416749434167494341674943416749434167494341674943416749434167494341674943416749434167494341674943416749434167494341674943416749434167494341674943416749434167494341674943416749434167494341674943416749434167494341674943416749434167494341674369416749434167494341674943416749434167494341674943416749434167494341674943416749434167494341674943416749434167494341674943416749434167494341674943416749434167494341674943416749434167494341674943416749434167494341674943416749434167494341674943416749434167494341674943414b49434167494341674943416749434167494341674943416749434167494341674943416749434167494341674943416749434167494341674943416749434167494341674943416749434167494341674943416749434167494341674943416749434167494341674943416749434167494341674943416749434167494341674943416749416f674943416749434167494341674943416749434167494341674943416749434167494341674943416749434167494341674943416749434167494341674943416749434167494341674943416749434167494341674943416749434167494341674943416749434167494341674943416749434167494341674943416749434167494341674369416749434167494341674943416749434167494341674943416749434167494341674943416749434167494341674943416749434167494341674943416749434167494341674943416749434167494341674943416749434167494341674943416749434167494341674943416749434167494341674943416749434167494341674943414b49434167494341674943416749434167494341674943416749434167494341674943416749434167494341674943416749434167494341674943416749434167494341674943416749434167494341674943416749434167494341674943416749434167494341674943416749434167494341674943416749434167494341674943416749416f674943416749434167494341674943416749434167494341674943416749434167494341674943416749434167494341674943416749434167494341674943416749434167494341674943416749434167494341674943416749434167494341674943416749434167494341674943416749434167494341674943416749434167494341674369416749434167494341674943416749434167494341674943416749434167494341674943416749434167494341674943416749434167494341674943416749434167494341674943416749434167494341674943416749434167494341674943416749434167494341674943416749434167494341674943416749434167494341674943414b49434167494341674943416749434167494341674943416749434167494341674943416749434167494341674943416749434167494341674943416749434167494341674943416749434167494341674943416749434167494341674943416749434167494341674943416749434167494341674943416749434167494341674943416749416f674943416749434167494341674943416749434167494341674943416749434167494341674943416749434167494341674943416749434167494341674943416749434167494341674943416749434167494341674943416749434167494341674943416749434167494341674943416749434167494341674943416749434167494341674369416749434167494341674943416749434167494341674943416749434167494341674943416749434167494341674943416749434167494341674943416749434167494341674943416749434167494341674943416749434167494341674943416749434167494341674943416749434167494341674943416749434167494341674943414b49434167494341674943416749434167494341674943416749434167494341674943416749434167494341674943416749434167494341674943416749434167494341674943416749434167494341674943416749434167494341674943416749434167494341674943416749434167494341674943416749434167494341674943416749416f674943416749434167494341674943416749434167494341674943416749434167494341674943416749434167494341674943416749434167494341674943416749434167494341674943416749434167494341674943416749434167494341674943416749434167494341674943416749434167494341674943416749434167494341674369416749434167494341674943416749434167494341674943416749434167494341674943416749434167494341674943416749434167494341674943416749434167494341674943416749434167494341674943416749434167494341674943416749434167494341674943416749434167494341674943416749434167494341674943414b49434167494341674943416749434167494341674943416749434167494341674943416749434167494341674943416749434167494341674943416749434167494341674943416749434167494341674943416749434167494341674943416749434167494341674943416749434167494341674943416749434167494341674943416749416f674943416749434167494341674943416749434167494341674943416749434167494341674943416749434167494341674943416749434167494341674943416749434167494341674943416749434167494341674943416749434167494341674943416749434167494341674943416749434167494341674943416749434167494341674369416749434167494341674943416749434167494341674943416749434167494341674943416749434167494341674943416749434167494341674943416749434167494341674943416749434167494341674943416749434167494341674943416749434167494341674943416749434167494341674943416749434167494341674943414b49434167494341674943416749434167494341674943416749434167494341674943416749434167494341674943416749434167494341674943416749434167494341674943416749434167494341674943416749434167494341674943416749434167494341674943416749434167494341674943416749434167494341674943416749416f674943416749434167494341674943416749434167494341674943416749434167494341674943416749434167494341674943416749434167494341674943416749434167494341674943416749434167494341674943416749434167494341674943416749434167494341674943416749434167494341674943416749434167494341674369416749434167494341674943416749434167494341674943416749434167494341674943416749434167494341674943416749434167494341674943416749434167494341674943416749434167494341674943416749434167494341674943416749434167494341674943416749434167494341674943416749434167494341674943414b49434167494341674943416749434167494341674943416749434167494341674943416749434167494341674943416749434167494341674943416749434167494341674943416749434167494341674943416749434167494341674943416749434167494341674943416749434167494341674943416749434167494341674943416749416f674943416749434167494341674943416749434167494341674943416749434167494341674943416749434167494341674943416749434167494341674943416749434167494341674943416749434167494341674943416749434167494341674943416749434167494341674943416749434167494341674943416749434167494341674369416749434167494341674943416749434167494341674943416749434167494341674943416749434167494341674943416749434167494341674943416749434167494341674943416749434167494341674943416749434167494341674943416749434167494341674943416749434167494341674943416749434167494341674943414b49434167494341674943416749434167494341674943416749434167494341674943416749434167494341674943416749434167494341674943416749434167494341674943416749434167494341674943416749434167494341674943416749434167494341674943416749434167494341674943416749434167494341674943416749416f674943416749434167494341674943416749434167494341674943416749434167494341674943416749434167494341674943416749434167494341674943416749434167494341674943416749434167494341674943416749434167494341674943416749434167494341674943416749434167494341674943416749434167494341674369416749434167494341674943416749434167494341674943416749434167494341674943416749434167494341674943416749434167494341674943416749434167494341674943416749434167494341674943416749434167494341674943416749434167494341674943416749434167494341674943416749434167494341674943414b49434167494341674943416749434167494341674943416749434167494341674943416749434167494341674943416749434167494341674943416749434167494341674943416749434167494341674943416749434167494341674943416749434167494341674943416749434167494341674943416749434167494341674943416749416f674943416749434167494341674943416749434167494341674943416749434167494341674943416749434167494341674943416749434167494341674943416749434167494341674943416749434167494341674943416749434167494341674943416749434167494341674943416749434167494341674943416749434167494341674369416749434167494341674943416749434167494341674943416749434167494341674943416749434167494341674943416749434167494341674943416749434167494341674943416749434167494341674943416749434167494341674943416749434167494341674943416749434167494341674943416749434167494341674943414b49434167494341674943416749434167494341674943416749434167494341674943416749434167494341674943416749434167494341674943416749434167494341674943416749434167494341674943416749434167494341674943416749434167494341674943416749434167494341674943416749434167494341674943416749416f674943416749434167494341674943416749434167494341674943416749434167494341674943416749434167494341674943416749434167494341674943416749434167494341674943416749434167494341674943416749434167494341674943416749434167494341674943416749434167494341674943416749434167494341674369416749434167494341674943416749434167494341674943416749434167494341674943416749434167494341674943416749434167494341674943416749434167494341674943416749434167494341674943416749434167494341674943416749434167494341674943416749434167494341674943416749434167494341674943414b49434167494341674943416749434167494341674943416749434167494341674943416749434167494341674943416749434167494341674943416749434167494341674943416749434167494341674943416749434167494341674943416749434167494341674943416749434167494341674943416749434167494341674943416749416f674943416749434167494341674943416749434167494341674943416749434167494341674943416749434167494341674943416749434167494341674943416749434167494341674943416749434167494341674943416749434167494341674943416749434167494341674943416749434167494341674943416749434167494341674369416749434167494341674943416749434167494341674943416749434167494341674943416749434167494341674943416749434167494341674943416749434167494341674943416749434167494341674943416749434167494341674943416749434167494341674943416749434167494341674943416749434167494341674943414b49434167494341674943416749434167494341674943416749434167494341674943416749434167494341674943416749434167494341674943416749434167494341674943416749434167494341674943416749434167494341674943416749434167494341674943416749434167494341674943416749434167494341674943416749416f674943416749434167494341674943416749434167494341674943416749434167494341674943416749434167494341674943416749434167494341674943416749434167494341674943416749434167494341674943416749434167494341674943416749434167494341674943416749434167494341674943416749434167494341674369416749434167494341674943416749434167494341674943416749434167494341674943416749434167494341674943416749434167494341674943416749434167494341674943416749434167494341674943416749434167494341674943416749434167494341674943416749434167494341674943416749434167494341674943414b49434167494341674943416749434167494341674943416749434167494341674943416749434167494341674943416749434167494341674943416749434167494341674943416749434167494341674943416749434167494341674943416749434167494341674943416749434167494341674943416749434167494341674943416749416f674943416749434167494341674943416749434167494341674943416749434167494341674943416749434167494341674943416749434167494341674943416749434167494341674943416749434167494341674943416749434167494341674943416749434167494341674943416749434167494341674943416749434167494341674369416749434167494341674943416749434167494341674943416749434167494341674943416749434167494341674943416749434167494341674943416749434167494341674943416749434167494341674943416749434167494341674943416749434167494341674943416749434167494341674943416749434167494341674943414b49434167494341674943416749434167494341674943416749434167494341674943416749434167494341674943416749434167494341674943416749434167494341674943416749434167494341674943416749434167494341674943416749434167494341674943416749434167494341674943416749434167494341674943416749416f674943416749434167494341674943416749434167494341674943416749434167494341674943416749434167494341674943416749434167494341674943416749434167494341674943416749434167494341674943416749434167494341674943416749434167494341674943416749434167494341674943416749434167494341674369416749434167494341674943416749434167494341674943416749434167494341674943416749434167494341674943416749434167494341674943416749434167494341674943416749434167494341674943416749434167494341674943416749434167494341674943416749434167494341674943416749434167494341674943414b49434167494341674943416749434167494341674943416749434167494341674943416749434167494341674943416749434167494341674943416749434167494341674943416749434167494341674943416749434167494341674943416749434167494341674943416749434167494341674943416749434167494341674943416749416f674943416749434167494341674943416749434167494341674943416749434167494341674943416749434167494341674943416749434167494341674943416749434167494341674943416749434167494341674943416749434167494341674943416749434167494341674943416749434167494341674943416749434167494341674369416749434167494341674943416749434167494341674943416749434167494341674943416749434167494341674943416749434167494341674943416749434167494341674943416749434167494341674943416749434167494341674943416749434167494341674943416749434167494341674943416749434167494341674943414b49434167494341674943416749434167494341674943416749434167494341674943416749434167494341674943416749434167494341674943416749434167494341674943416749434167494341674943416749434167494341674943416749434167494341674943416749434167494341674943416749434167494341674943416749416f674943416749434167494341674943416749434167494341674943416749434167494341674943416749434167494341674943416749434167494341674943416749434167494341674943416749434167494341674943416749434167494341674943416749434167494341674943416749434167494341674943416749434167494341674369416749434167494341674943416749434167494341674943416749434167494341674943416749434167494341674943416749434167494341674943416749434167494341674943416749434167494341674943416749434167494341674943416749434167494341674943416749434167494341674943416749434167494341674943414b49434167494341674943416749434167494341674943416749434167494341674943416749434167494341674943416749434167494341674943416749434167494341674943416749434167494341674943416749434167494341674943416749434167494341674943416749434167494341674943416749434167494341674943416749416f674943416749434167494341674943416749434167494341674943416749434167494341674943416749434167494341674943416749434167494341674943416749434167494341674943416749434167494341674943416749434167494341674943416749434167494341674943416749434167494341674943416749434167494341674369416749434167494341674943416749434167494341674943416749434167494341674943416749434167494341674943416749434167494341674943416749434167494341674943416749434167494341674943416749434167494341674943416749434167494341674943416749434167494341674943416749434167494341674943414b49434167494341674943416749434167494341674943416749434167494341674943416749434167494341674943416749434167494341674943416749434167494341674943416749434167494341674943416749434167494341674943416749434167494341674943416749434167494341674943416749434167494341674943416749416f674943416749434167494341674943416749434167494341674943416749434167494341674943416749434167494341674943416749434167494341674943416749434167494341674943416749434167494341674943416749434167494341674943416749434167494341674943416749434167494341674943416749434167494341674369416749434167494341674943416749434167494341674943416749434167494341674943416749434167494341674943416749434167494341674943416749434167494341674943416749434167494341674943416749434167494341674943416749434167494341674943416749434167494341674943416749434167494341674943414b49434167494341674943416749434167494341674943416749434167494341674943416749434167494341674943416749434167494341674943416749434167494341674943416749434167494341674943416749434167494341674943416749434167494341674943416749434167494341674943416749434167494341674943416749416f674943416749434167494341674943416749434167494341674943416749434167494341674943416749434167494341674943416749434167494341674943416749434167494341674943416749434167494341674943416749434167494341674943416749434167494341674943416749434167494341674943416749434167494341674369416749434167494341674943416749434167494341674943416749434167494341674943416749434167494341674943416749434167494341674943416749434167494341674943416749434167494341674943416749434167494341674943416749434167494341674943416749434167494341674943416749434167494341674943414b49434167494341674943416749434167494341674943416749434167494341674943416749434167494341674943416749434167494341674943416749434167494341674943416749434167494341674943416749434167494341674943416749434167494341674943416749434167494341674943416749434167494341674943416749416f674943416749434167494341674943416749434167494341674943416749434167494341674943416749434167494341674943416749434167494341674943416749434167494341674943416749434167494341674943416749434167494341674943416749434167494341674943416749434167494341674943416749434167494341674369416749434167494341674943416749434167494341674943416749434167494341674943416749434167494341674943416749434167494341674943416749434167494341674943416749434167494341674943416749434167494341674943416749434167494341674943416749434167494341674943416749434167494341674943414b49434167494341674943416749434167494341674943416749434167494341674943416749434167494341674943416749434167494341674943416749434167494341674943416749434167494341674943416749434167494341674943416749434167494341674943416749434167494341674943416749434167494341674943416749416f674943416749434167494341674943416749434167494341674943416749434167494341674943416749434167494341674943416749434167494341674943416749434167494341674943416749434167494341674943416749434167494341674943416749434167494341674943416749434167494341674943416749434167494341674369416749434167494341674943416749434167494341674943416749434167494341674943416749434167494341674943416749434167494341674943416749434167494341674943416749434167494341674943416749434167494341674943416749434167494341674943416749434167494341674943416749434167494341674943414b49434167494341674943416749434167494341674943416749434167494341674943416749434167494341674943416749434167494341674943416749434167494341674943416749434167494341674943416749434167494341674943416749434167494341674943416749434167494341674943416749434167494341674943416749416f674943416749434167494341674943416749434167494341674943416749434167494341674943416749434167494341674943416749434167494341674943416749434167494341674943416749434167494341674943416749434167494341674943416749434167494341674943416749434167494341674943416749434167494341674369416749434167494341674943416749434167494341674943416749434167494341674943416749434167494341674943416749434167494341674943416749434167494341674943416749434167494341674943416749434167494341674943416749434167494341674943416749434167494341674943416749434167494341674943414b49434167494341674943416749434167494341674943416749434167494341674943416749434167494341674943416749434167494341674943416749434167494341674943416749434167494341674943416749434167494341674943416749434167494341674943416749434167494341674943416749434167494341674943416749416f674943416749434167494341674943416749434167494341674943416749434167494341674943416749434167494341674943416749434167494341674943416749434167494341674943416749434167494341674943416749434167494341674943416749434167494341674943416749434167494341674943416749434167494341674369416749434167494341674943416749434167494341674943416749434167494341674943416749434167494341674943416749434167494341674943416749434167494341674943416749434167494341674943416749434167494341674943416749434167494341674943416749434167494341674943416749434167494341674943414b49434167494341674943416749434167494341674943416749434167494341674943416749434167494341674943416749434167494341674943416749434167494341674943416749434167494341674943416749434167494341674943416749434167494341674943416749434167494341674943416749434167494341674943416749416f674943416749434167494341674943416749434167494341674943416749434167494341674943416749434167494341674943416749434167494341674943416749434167494341674943416749434167494341674943416749434167494341674943416749434167494341674943416749434167494341674943416749434167494341674369416749434167494341674943416749434167494341674943416749434167494341674943416749434167494341674943416749434167494341674943416749434167494341674943416749434167494341674943416749434167494341674943416749434167494341674943416749434167494341674943416749434167494341674943414b49434167494341674943416749434167494341674943416749434167494341674943416749434167494341674943416749434167494341674943416749434167494341674943416749434167494341674943416749434167494341674943416749434167494341674943416749434167494341674943416749434167494341674943416749416f6749434167494341674943416749434167494341674943416749434167494341674943416749434167494341674943416749434167494341674943416749434167494341674943416749434167494341674943416749434167494341674943416749434167494341674943416749434167494341674943416749434167494341674943416743694167494341674943416749434167494341674943416749434167494341674943416749434167494341674943416749434167494341674943416749434167494341674943416749434167494341674943416749434167494341385033687759574e725a5851675a57356b505364334a7a382b2f39734151774144416749444167494441774d4442414d4442415549425155454241554b427763474341774b4441774c4367734c445134534541304f4551344c437841574542455446425556465177504678675746426753464255552f39734151774544424151464241554a4251554a4641304c44525155464251554642515546425155464251554642515546425155464251554642515546425155464251554642515546425155464251554642515546425155464251552f384141455167426f774b7a417745694141495241514d5241662f454142384141414546415145424151454241414141414141414141414241674d454251594843416b4b432f2f45414c55514141494241774d4342414d4642515145414141426651454341774145455155534954464242684e525951636963525179675a476843434e4373634556557448774a444e69636f494a4368595847426b614a53596e4b436b714e4455324e7a67354f6b4e4552555a4853456c4b55315256566c64595756706a5a47566d5a326870616e4e3064585a3365486c3667345346686f6549695971536b3553566c7065596d5a71696f36536c7071656f716171797337533174726534756272437738544678736649796372533039545631746659326472683475506b3565626e364f6e7138664c7a39505832392f6a352b762f454142384241414d42415145424151454241514541414141414141414241674d454251594843416b4b432f2f45414c555241414942416751454177514842515145414145436477414241674d52424155684d5159535156454859584554496a4b42434252436b61477877516b6a4d314c7746574a7930516f574a4454684a66455847426b614a69636f4b536f314e6a63344f547044524556475230684a536c4e5556565a5857466c615932526c5a6d646f6157707a6448563264336835656f4b44684957476834694a69704b546c4a57576c35695a6d714b6a704b576d7036697071724b7a744c57327437693575734c44784d584778386a4a79744c54314e585731396a5a32754c6a354f586d352b6a7036764c7a39505832392f6a352b762f61414177444151414345514d5241443841374369696976625077494b4b4b4b414369696967416f6f6f6f414b4b4b4b414369696967416f6f6f6f414b447a674471656e3430566b2b4c4e595877373458316656584f425a326b302f346843562f5567564d7057545a7668346530717869757252384e2f47445868346f2b4a76695455497a76684e34304d545a2f355a78346a4750775531783147353233504963753253783953526b6e2f767169766c4b6a357058503651776450324e43454f775555555642316852525251415555555541464646464142525252514155555555414646464641425252522f6e2f41442b4e41425252525141555555554146464646414252525251415555555541464646464142525252514155555555414646464641425252525141555555554146464646414252525251415555555541464646464142525252514155555555414646464641644c4831372b7966346b4f7266443235307152675a4e4a764752562f77436d6370446a38416439653356386666736f65496d307a346933476c73324974567333514c6e677952346b58487552764666595038416a583065466c7a556b6667764565472b723436566c7546464646647038754646464641425252525141555555554146464646414252525251415555555541464646464142525252514155555555414646464641425252525141555555554146464646414252525251415635582b30787248396b2f4350564977647233306b4e6d5064532b57482f664b563670587a6c2b324e712b33532f44576c71663964504c644f76305549763675613573524c6c70335066794f6a3762485530664d4e464646664d483942394c42525252514155555555414646464641425252525141555555554146464646414252525251414e6856795467415a50725851654e50682f34672b48757152366434683075343071366c695765455372387373624b47566b50527335483353634867344e622f77414166682b33784f2b4d48686e772b554c32737430733931743578627846704a4d2f55444766396f562b707678462b4766687634712b485a64453855615644714669785a3439337979514e30336f3435526832786e49344f52586d596a474b684f4d5430635068585767354834353839686e705258304e386576324e2f452f77414a327564573051792b4b504371664e396f686a33584e7176627a6f783158316465505862587a7963447636667239302f384337657464744b72477372784f5370536e5364706f50353055763036306e387131755937364252525254414b4b4b4b414369696967416f6f6f6f414b4b4b4b414369696967416f6f6f6f414b4b4b4b414369696967416f6f6f6f414b4b4b4b414369696967416f6f6f6f414b4b4b4b414369696967416f6f6f6f4133764165766e777234323050567373467462794b5276393048446a38554c562b6869735034546c53666c62736433542b6e35312b616a4c755571657047507a2f2f4146312b67667775385166384a503841446e7735714c50766561786a456e2b2b6732482f414946755131362b416c76466e3566786868744956624855305555563750512f4c516f6f6f6f414b4b4b4b414369696967416f6f6f6f414b4b4b4b414369696967416f6f6f6f414b4b4b4b414369696967416f6f6f6f414b4b4b4b414369696967416f6f6f6f414b4b4b4b4143766b483972545644652f457130737763725a3664474350526e646e503662612b766d39712b45766a357166397066474478504b4475574b3446755039314931584835673135324f6c614352397a776c5235385a7a396b634452525258674837534646464641425252525141555555554146464646414252525251415555555541464859476a2f503631305877383844616a38537647326a2b474e4a544e3571557768446b5a574e63356152765256514d542f752b39524b536a46795a634975636c464832542f7754782b4670302f5239613866586b574a4c372f695761657848534a477a4b342b7262552f344165612b79752b61795043486858542f412f68665366442b6c52655670326d327957304b482b366f35592b724d325750755457785878474a712b327163795073385054396e545344322f48382b763531383366485038415970384b2f457a3752716e6877782b45764563685a324d4b5973376c6a336b695847772b7270303768712b6b663530446a7655557138364d72706c314b4d4b736253522b5058784d2b45666933345261734e50385561524c59655964734e30506d747078324d636f345030507a43754f2f6c58375365495044756c2b4c4e4a75644c316e543762564e4f754f4a625736694478734f3577652f754f52363138646647542f41494a394c49317871767733766847782b63364871556d56502b7a464f63342b6b6d66392b766f71475a526e377454512b657847587968373950552b494b4b32664658672f5850413274536154346830693630625559322b61327649796a4565712f33682f74446a337248494972325974535630655334754c73304a52532b744a544a436969696d4155555555414646464641425252525141555555554146464646414252525251415555555541464646464142525252514155555555414646464641425252525141555555554146665948374a75732f3268384e4a72423233767039394a475058613445672f6d31664839665133374865734348585045656c452f4a63573064306935376f32776e386e412f43757a4353356171506b654a714c72594354366f2b70614b4b4b2b6b5077734b4b4b4b414369696967416f6f6f6f414b4b4b4b414369696967416f6f6f6f414b4b4b4b414369696967416f6f6f6f414b4b4b4b414369696967416f6f6f6f414b4b4b4b414369696967415654754150544f43667772383666466d6f48562f465774587a48636269396e6c2b6f4d6a592f54625836456135656a5464463147377a6a3750625453663841664d6248503567562b634b4d7a37584a35493550343572787377657950314467326c2f456d4c525252586b48366b464646464142525252514155555555414646464641425252525141555555662f716f37734f7763347a78373839656550354836562b6733374350774c62776634576c38653678624750563962693257456272686f4c4d6e4f2f422f696b49482f4156483936766d7a396b37396e2b583432654f6864616c4355384a6153365461684b415646772f574f32422f32686776364a7965534d2f714248436b4d636363614b6b556168565652674b414141414f7741414750396b56344f59346e6c6a374b4c5063792f44747456476839464646664d6248306f5555555543452f483370577733616969686559484e2b4e2f687a34612b4a476a6e545045756957657232653169713345667a5274325a474747512b366b5638646646762f41494a37586c6e35312f384144335642665237632f7742693670497179722f73787a34436e2f6759552b39666450384139616b3966516a4664744846314b4f69324f53746871646264483477654a764365732b43395766533965306d373066556f7a6872613969614e68376a492b596534724b2f2f5658374d2b4c76412b676550394a2f737678486f396e7256686a694b3868336254366f657148335569766b7a347066384538624b35382b392b482b7374595031476b36735338522f77426c4a674e792f526c6636313731444d59532b5051384b746c38346641726f2b4750306f35394b37483468664348786a384b377a7950464f6758656c4957324a644e486d336c2f7742704a5153702b6d63317833487939426e70776139614d347a2b4233504c6c43554e4a4950382f77436665696c2f7a2f6e33705053744450794369696967416f6f6f6f414b4b4b4b414369696967416f6f6f6f414b4b4b4b414369696967416f6f6f6f414b4b4b4b414369696967416f6f6f6f414b4b4b4b4143765566325a3956476c2f4744536b335957396a6e74542b4d624f422b614c2b5a72793675692b48657166324c342b384e332b647177616a417a6637706456502f4149367872576b2b57615a356d5a552f61345363583250304858765471566c7778485135782f4c2f4142704b2b7154756b7a2b63704c6c6b313568525252544a4369696967416f6f6f6f414b4b4b4b414369696967416f6f6f6f414b4b4b4b414369696967416f6f6f6f414b4b4b4b414369696967416f6f6f6f414b4b4b4b414369696967446b666935662f414e6d2f432f7856506e474e4e6d5548335942522f7743684376674e663452324666622f414f305a6466592f67333468476365636b4d48357a494d6670587841657465466a3337396a3968344f68793461636e31596e7252523759354e4c774f6f78365a727a465a36732f51512f384131306c4f2f774166386e3655326a3047764d4b4b4b4b424252525251415555555541464646464675675836422f7744712f48734b367a345866445857666933343073664457686f72585630325a4a6e7a35647645447a4d354852567950393473514f534b782f432f68665666475776324768364c5a53616c71742f4b49726533693673636e763034776563344142427831723953663264666744706e77493847697a51783376694339437671657042663959774845636670457649412f69354a354f306564693852476a44665537384c68355670617251363334592f4466522f684e344c302f777a6f6365797a74567a4a4b332b73754a57356b6b6648566d4a7a37594148436756316c49754635372b762b66383830746647796b3575386a362b455654584b676f6f6f7143676f6f6f6f414b4b4b4b4143696969675965332b4e48624862706969696e63583545463359322b6f57637474647752584e724d757957475a42496b6739475673672f6a587a31385376324766683334334539316f384d3367335557354d6d6c344e73542f414c554c664b502b414d7466526c48706e7430726f703135302f685a684f6a43617530666d5638527632496669543446383662547253487862594c7a35326a746d62487159472b5a54394d31344a6557632b6e33636c7264775332743147646a323977686a6b58324b6e6b562b324850484a4f4278322f6c584d654e76687034562b4a4670396d385461425961796d3341653769486d4c377249506d552f5131374e504e4848536f6a7971755772654c5078773973726b4442476552372b39466666336a372f676e6234623156705a2f422b76336e682b58714c4f2b553364734739465945534b507861766d2f7741646673612f4650774f486d47676a78445a4b636936304f543752782f317a774a462f77432b54587255385a5371645479616d4471302b68346a327a7852553135617a36666450613364764a6133616e6131744d706a6b423931497a2b6c51383866342f357a585a64505a6e4734754f364369696a696e6357345555767453667a706943696c704b414369696967416f6f6f6f414b4b4b4b414369696967416f6f6f6f4830436c704b583039527a39423730747457433132457066576d656247546a7a592f2b2b78546c59626371666b5049783339382b6c4364324f7a533151556f6c61466c6c5534614d686c2b6f476635306d662f414b337651526e725652334d617470516c466e36523656664c71476d326c32767a4c6351527a44385542717858492f4348552f37572b462f6857364a795830364b4e6a2f414c536a596635483871363676713666775239442b62635a54396e694b6b664e685252525768786852525251415555555541464646464142525252514155555555414646464641425252525141555555554146464646414252525251415555555541464646464142525252514234352b3158642b54384a336a7a7a636168627166774c4e2f4e63313863482f41442b762b466657663758302f6c2b4139496848486e616d446a2f6469622f47766b706d437153654d66384131362b6578736b716d702b33634b51746756627132644634442b482b762f457a784a446f58687a544a4e54314b583579696b41496f787565526951455163664d534d394279514b2b735043662f424f472b754c464a5045586a534f78764747546261545a6d5a55506f58646c7a2b4146653866736d6642714434522f436d77613474764c3851617a484866366c49514134334b4446446e306a552f64366232596a6d76624d664c6a386657766963566d456c4e77676671324877455846536b666e2f342b2f774343642f696a51374f5336384b612f5a2b4a74713778593355583257646c3946624c4b2f304a57766c6a57744531447733716c7a707572575678702b6f57736a527a57747a475564473634495066676e6a36394b2f616a50494a3667357278763841614d2f5a79306a34372b485a484b7732506975306a49734e5650423435387558753054657656447941656c566873786c7a63745451574a792b4e727750797439654b4b762b4966442b6f654664647674473157316b737454737057686e74354f714d447a6e47654d484950513436344f616f56394847536b755a4867796934757a4369696971494369696a30392b6e767a5147776366352f7a307252384f2b486454385761355a364c6f396a4e714f71586b6e6c51577343376e5a6d4870324236353641636d726e676e7750726678463853576d68654874506b314855376f2f7534592f34564c594c7632574e52315a69426e6a3372394d6632632f326139442b412b6969557648716e6971366a43336d7162507571546e79595166757867396537486b6b6a697650784f4a6a516a652b7036474777737130756178572f5a6e2f5a703037344636436279364d576f2b4c37365062653379414d6b4b6e424d4d5a366842675a627135414a774f4b3978394431496f35376e4e46664956716a7253356d6656306153705273676f6f6f7241314369696967416f6f6f6f414b4b4b4b414369696967416f6f6f6f414b4b4b4b59425366546a6e4e4c525347497968735a475252747830394d55744641724a376d4234732b482f41496238655770742f455767366472555a37587471736d506f547950774e6544654e50324166687a34694d73326a53366c345575472b594c62546661494237625a515748345058307674464c7a2b48707a585654784e536e737a6e6e68345433522b65506a4c2f676e6e34353064586c304456394a3853514c306a6b633255782f77432b38702f342f586948693734472f4548774876625850434772574d4b2f38764832597978482f676365356631723966654d6b6a672b6f36304b536e436c6c482b797846656a547a4b63666950506e6c734a664366695372426d324b517a65672b392b58576c2b76424848302b754b2f596a7856384a7642586a594e2f623368545274564c645a4c697a5179663939674276317279447850384173462f4333587437325674717668365538702f5a39387a7871663841636c44666f525866444d3662334f4765585457782b61324d386a6d6b344f6347767458784a2f775464754533763466386378536e744271316755502f4148326a592f38414861387631373968483473614b72506157476c3636692f78616671435a503453424b376f34796a4c71634d734a576a30506e7236633076362f537538313734422f456a777a754f6f2b426465675665724a5a4e4d6e2f6655653456777478444a61544e4263527951544472464d7052762b2b534161366c55684c5a6e4f3664534f36475555482b5a6f2b7646586671694e74776f6f2f7a37305541464646464d5155666a3766384131714b5656646d415264374d516f51444a4f51464750664a704e7058624772757952366a2b7a7a384364522b50506a6a2b79595a5a4c44534c4a425071562f48486b7752396b554871374849412b7264426976766a77502b7833384b2f4138455750444d6575334b39627258574e325739396877672b67537458396d66344f772f42723455366270556b4b6a576273432b315238444c584242486c2f37736134516669654d3865722f774157652f5939362b5478654d6b357545486f66553458435255464b53314d4b3338436547725745777765484e4868692f7552366443712f6b46726950486e374d48777a2b4956764b6c2f3457736243385963582b6b78433075456231444a68543947556976564b50516475316566484556592f61505164436d3161782b574837526e374d7574664154556f706a4d32722b476278325330314d5237575675766c544b4d37483238676a4b74676b636772586a4f442b74667372342b384561563852764232712b4764596945756d366843305444482b7262716b692b6a71775667337174666b4e34343848366838502f4757722b473954586266365a645061794e6a4376686868782f736c53472b6872366e41347232304c50632b5878754739693770614831392b7a586666627667336f6e504e753978426a36544d7748354d4b395172784c396b75383837345a33635038417a37366e4950775a55622b56653231393768355870525a2f4d326378354d6255586d46464646626e694252525251415555555541464646464142525252514155555555414646464641425252525141555555554146464646414252525251415555555541464646464142525252514238362f746a584258526643304234445864772f355271503631347a38435042792f454434782b454e426c58646133576f786d64635a7a464869535438434549397139592f624b6d7a4e3454687a7a69366b2f7744486f782f543961583967445242716e78346b76534d6a546449754a314f4f6a4f79526a39486238712b517a4b584c7a4d2f6f48684f463848535871667041767a5a34774d347836446477507970314646666e6374376e37416c5a42523663394b4b4b6e6f4f326c6a35422f62322b4263666944772b767845306531423154545643617171442f583232634a4d66566b34796637702f32612b434b2f61792b73344e5473376d79753445754c53346a61436146786c4a4559595a435051676b562b525878742b477376776a2b4b57752b46334c5062326b2b2b306c66724a62754e3854663841664a436e33445639546c75493534657a62506d73776f636a5530635052525258746e694338657552302f5846656766427634472b4b506a6834694f6e614662474b306859432b31536454396e74463957622b4a674f51674757506f4f61312f325a766842707678752b4b634868375674516e7362464c4f532b6c46766a7a4a6c6a4b3569567569413776766b4e774b2f5554776e34543062774c34667464443048546f644c30713147324b33743177427a6a4a50566d7a7a754a4a503134727973586a46527446626e715950436532764a37584f542b4333774c384e66412f7738326e6148627450657a4464666172634b50744630342f76482b4565694c395353656139462b3931357066382f5369766c4a3148556c65523954436e476d725251555555566d574646464649416f6f6f6f414b4b4b4b414369696967416f6f6f6f414b4b4b4b414369696967416f6f6f6f414b4b4b4b41436969696d4155665369696b4d4f6e536a6e317a5252564148546a7451666d36382f5769696b414c387654492b6c592f694c776a6f666a43316133317a52745031714939557637564a682b62676e3961324b4b754e5363646d5a7970786c756a35732b495037426e77363857527a5461454c7277666674794873574d74746e314d4d6850482b3636313868664744396b2f7833384959357451754c466464304750356a712b6c4179787150384170716e336f7671637237312b7148362f352f6c5457473772793354356a6e6a302b6c656a517839536d3754315277317344546d766450784c34624c5a3345414e782f645051353655667039612f516e396f763841596c307a78744863363934446769306278486b795336597043576c3465355564495a44376649336662587744716d6b333268616c646166714e744c593339724b304d31724d6857534e31374d4430503665687236616a69495630724d2b5a723465644637614653696a306f7270314f594b3772344533476e32767870384479617243732b6e445762587a45626f643867414a396778586a705843302b43366b3036614b35684f325733645a6b59646433444438694b55316542705362557a39732b564a44636e6e70334a2b5530566e2b4874575478426f4f6d616f6e4d64396152585334394a4931662b7461466641314e4a5354376e33464e336970494b5054394b4b4b7a4e51626d76674c2f676f6e344458532f4733682f77415777523756316531657a7557482f50614842584a395447342b766c31392b3138342f7436654846317234417a3334514d2b6a366c6133596248495269595748312f654c5866675a386c5a4d38374777357154394435392f593575393368337850626e6b4a65777966393952592f396c5035563943313879667362335732383856322b657364744c6a364752663631394e312b743452336f6f2f6c58694f504c6d452f4d4b4b4b4b367a35634b4b4b4b414369696967416f6f6f6f414b4b4b4b414369696967416f6f6f6f414b4b4b4b414369696967416f6f6f6f414b4b4b4b414369696967416f6f6f6f414b4b4b4b41506c72397361592f322f774346342b793264796366575666384b372f2f41494a7661654a50466e6a653932387861666252427654644d3745662b4f5635742b32492b3778683465542b3770376e3835572f7772312f2f676d76482f79554b543373562f44457872346a4e3337737a2b6a4f45593377744c305074756969697667443957436969696d416c6646582f4252667741736c723459386177526a656a746f3932324f63484d6b444832423877443669767461764b2f326f66426f38632f416a786a594c48356c78445a472b747831506d7745536a48344b772f4775374231505a316b7a6a786450326c4a6f2f4a3269674d47436b664e6e306f7237614f7154506a4e6d3065346673573671644c2f41476b50436f4a4372656935744437373448502f414b456f72395256505848482b63562b5348374f742b644d2b50586743664f334774573648364f536d5038417836763176326b63642f38413639664d5a6f763373583548306d57503932313569305555563452375955555555674369696967416f6f6f6f414b4b4b4b414369696967416f6f6f6f414b4b4b4b414369696967416f6f6f6f414b4b4b4b414369696967416f6f6f6f414b4b4b4b414369696967416f6f6f6f414b536c6f6f4152766d42474f447952327235342f61772f5a6a74666a4a6f6236376f647448463432736f68355462747031474d446d467a2f6677506b63394477666c4f523945556a664e6e50385279666575696a576c526c7a6f7772556c566879732f4532614753336e6b686d526f356f6e4d636b62676f794d4467715165684242475072544b2b786632397667536d6a366b6e784830573345646e6653693331694f4e65456e49776b2b4f776b364e2f74597a6a4e6648582b663072375844316f316f6379506a71394a305a57595563486b6a496f6f2f6c58513954424f7a50316c2f5a68316b36392b7a37344275334f356c30754f335a6d504f364e6e692f6b6772314776417632476234336e374f57674b577a396c7572794166515473772f39447233327668635572565a65703978686e656c472f594b4b4b4b35446f43764d2f7742706a537872483750336a2b327875787045306f4876486952542f77434f56365a584b2f4661324635384c6647554c6a2f57614e654c6a2f74336575696732706f777278765461507a782f593975462f3454447844442f7741394c434e762b2b5a686e2f304b767132766b44396b47626238524c35502b656d6c502b6a78482b746658396672324266376b2f6c5469714e73775955555556364238634646464641425252525141555555554146464646414252525251415555555541464646464142525252514155555555414646464641425252525141555555554146464646414879542b313451336a3753462f7536576e48316c6b2f7741425874482f41415458622f522f6945756564396a2f414f677a5634682b31772b37346c57417a774e4c6a482f6b53516976592f3841676d7a4f4631543467572f646f4c4b58386d6d577668733454355a3250365334543077314c3050755769696976676a3951436969696741714b65306976495874356b44777a4a35627165367438704835564c5457487938633163585a3345316457507867385861432f68587856726d697966663032396d732f632b584b564836414838617971396c2f6243304165482f414e6f767865694a7469764a497451546a2f6e744572456a2f6757613861723775692b616e466e78465a4f4e53523033777675767366784d38495467375448724e6d2f2f414a4d49612f5a4754506d4e39636672583478654232322b4e76447048384f7032702f386a7058374f796636782f3841655038414f76437a5852785a375756374d53696969766e6a33676f6f6f6f414b4b4b4b414369696967416f6f6f6f414b4b4b4b414369696967416f6f6f6f414b4b4b4b414369696967416f6f6f6f414b4b4b4b414369696967416f6f6f6f414b4b4b4b414369696967416f6f6f6f414b4b4b4b59474c3477384a36663434384c3672346531614954616271647539764f4f34566877772f32315942683646567238663841787a3450762f682f3476316e773371616262335337703757552f3373666463657a4b5662364776325a326a2f41442f6e2f4f4b2b43503841676f68384f313076785a6f486a5332694b783670416243375a52783538504b4d6639364e69767238673631376d57315643587332654c6d4e465367716e592b51614b5830704b2b6f325a38796670482b77424b5a506741467a7848724e32672f4a472f71612b6b362b6266324159444838415662744a7246334a2f36416e394458306c5877324c2f41493076552b327776384b506f46464646635a3168584f664564747677363856735277756b58682f386c33726f36347a347a335832483451654e37672f4c35656958687a2f7742734872656a386356356d4e5a327079507a632f5a4c6d38763470784c6e372b6d58432f38416a735a2f705832585878582b7932336c2f463677582b395a33432f2b51663841363166616c667275422f6848387438584c2f622f414a494b4b4b4b39492b474369696967416f6f6f6f414b4b4b4b414369696967416f6f6f6f414b4b4b4b414369696967416f6f6f6f414b4b4b4b414369696967416f6f6f6f414b4b4b4b41436969696a7142386666746266386c4d7450625449662f51354b394f2f344a7833336c2f455878665a35346d30654b5448736c79426e386e2f414672792f7744617a62643855595165673079482f7742446b727166324139542b772f483337506e2f6a3930653668413964766c75422f34355878575a71385a2f4d2f7048686438754770656950306c6f6f6f72382f36483669464646464941704b57696d422b65482f42524452545a664744526452555958554e475146765634705855666b4757766c6976747a2f67704e70583776774471674763473974486236684a41503531385231397467356331424878324d584c565a762f41412b682b3065502f444d53395731617a583635754572396d4a5039592f312f7258342f2f4132782f7454343065424c54727631797a4248734a67782f52612f58396d335a4937382f72586b5a7339596f39504b302b56767a43696969766e7a33676f6f6f6f414b4b4b4b414369696967416f6f6f6f414b4b4b4b414369696967416f6f6f6f414b4b4b4b414369696967416f6f6f6f414b4b4b4b414369696967416f6f6f6f414b4b4b4b414369696967416f6f6f6f414b4b4b4b41437646503278504259386166732f38416959527868377253315456344f4d344d5242623854475872327571757261584472576e586d6e58417a42655179577a6f4f6852314b6e5034453130304a6374534c4d4b306561466a38564f446a6e6969724f71615a4a6f757033756e5471566c7335704c65543144497856762f51545658634e70506f4f5239422f2b7638712b356a4c52507950695a4c336d764d2f5433396948547a592f73332b48584977626d34764c676535613459443941613935727a66396e505132384f2f4166774a594d753134394a676c59643930674c2f2b7a31365258772b4b6c7a56572f4d2b30773865576d6c3542525252584b64495635562b314e71513076396e66782f4a75326c744d614148336b64492f2f5a3639567235362f6275316761582b7a7a7163476472616871466e61714d396353475676306a72717773656172453573544a52705350682f77445a7066792f6a4c6f772f765133432f38416b453139745638502f7333352f774346792b48382b6c77507a686576754376316e41667732667a4878642f766939416f6f6f72307a34494b4b4b4b414369696967416f6f6f6f414b4b4b4b414369696967416f6f6f6f414b4b4b4b414369696967416f6f6f6f414b4b4b4b414369696967416f6f6f6f414b4b4b4b41506a7239724c2f6b716b58702f5a6b482f6f636c5266736836742f592f77433066344a6b7a74573475704c512f774462534631412f5046546674614462385549442f314449663841304f537650506878726e2f434d2f45547774712b376239693157316e4c6569724b75542f414e3835723544485235755a4839463850506c77744a2b53503253392f774450576968766c6241365a7a2b48422f72525835314c52325031574c356b6d464646465355464646464d4435512f344b4b36655a2f6854346376636332757368632f374c77502f774445312b66466670542b33785a2f61763265726d58484e7671316e4c6e367336482f414e43785835725639666c722f632f4d2b547a466676766b657866736736542f4147782b3064344b5447356265346b7644364479344a47503634723955312b36425835326638453966447731503479617071724c386d6d61524971746a675354534c47503033666e58364b5635476153357171743050577936504c5443696969764750574369696967416f6f6f6f414b4b4b4b414369696967416f6f6f6f414b4b4b4b414369696967416f6f6f6f414b4b4b4b414369696967416f6f6f6f414b4b4b4b414369696967416f6f6f6f414b4b4b4b414369696967416f6f6f6f47464a754e4c52546a754b57316a386c50326c74452f345237396f4878355a4b4e712f77427253546f4230327a455366796b72676445306958784272566a7063412f663339784862494f3561523976482f6656653466747a616439682f614f3170386358566c5a58502f414a4243352f3841484457622b787a344e2f345444396f54773048546661365558315758766a795633522f675a476a7237614d2b58444b54374878737164362f4c356e36686166597861545932316c442f7162534a62645054616971692f79717a522f446a742f39665038414f697669704f38726e3245566149555555564a515638642f3846494e652b7a2b442f426d696875626d2f754c746c7a326a6956422b73702f4b7673502f7744582b6c666e642f77554d38534c71587866306a534562644870656c495758503841484d3753452f58617156366d58773571795a35754f6c79306d655366733676742b4d6e68332f6161622f305339666366705877782b7a3378385a5044502f5861542f305339666376705836666750346239542b624f4c7639376a364330555556365a38454646464641425252525141555555554146464646414252525251415555555541464646464142525252514155555555414646464641425252525141555555554146464646414878392b3173762f467a72512f33744c687a2f414e2f4a4258696a426875323951447450387139752f6134542f69356c6b656d644c6a2f41456c6b2f77447256346e2f41505772355445367a6b764d2f6f6249586242556e3548374a664472784176693334662b4774614435476f615a62334a376a6330536c76794f5258523134522b784c346d2f774345692f5a3330434974756e3075573430353848504353466c2f3863644b393372382b784565576f30667175486c7a5534734b4b4b4b3554634b4b4b4b4150432f32324c553350374e7669676a6e795a4c575838726d502f452f6e5835652f77436638612f5658397279487a2f32622f48512f75326b626a384c69492f307238716d2b544a5041786e3334344e665635612f334c75664c35682f465350766e2f676e5234552b7865422f4658694f52474461686678325554482f414a35516f474f502b4253342f7743413139653135742b7a6e34486234642f4250776a6f3073586b3353325975726c534f66506d496c6b7a376a65462f437653613848467a55717a61506377734f536b6b776f6f6f72694f774b4b4b4b414369696967416f6f6f6f414b4b4b4b414369696967416f6f6f6f414b4b4b4b414369696967416f6f6f6f414b4b4b4b414369696967416f6f6f6f414b4b4b4b414369696967416f6f6f6f414b4b4b4b414369696967416f6f6f6f33412f4f442f676f46622b5438657264382f3637524c5a69666f30692f77447376363136722f77546e38416d7a38502b4a66475538574876706c3079304c442f414a5a523465556a367555482f4144586d2f3766566c6361782b30466f31685a524e635831787046704244436f2b5a35486e6d415565354a412f4b7675543455654159506868384f66442f6865334b742f5a74717363724c2f7741744a735a6b6638584c483656394657724b4f466a447259384768536373524b58524d3636696969766e5433776f6f6f6f4541556e4941357a2b6e5446666b6c2b30683471587874386476476d714a4a356b42314753306862306a69784370487438685034312b706678473856522b42664150694878424951427056684e644c37736b5a32412f566d46666a6130736b386a79796b764e497864324a2b3878354a2f4f766f73727036755a344f5a7a756c42486f583750663841795754777a2f31326b2f3841524c31397a446f4b2b476632652f38416b736e686e2f72744a2f364b6576755964425836446750346239542b654f4c7639376a364330555556365a384546464646414252525251415555555541464646464142525252514155555555414646464641425252525141555555554146464646414252525251415555555541464646464148794e2b31347550694a70626633744c542f414e48535a2f7058687465386674684c2f774156786f6a6633744d59666c4d2f2b4e654431387869462b396b6a2b67386764387670333748322f38413845345046516130385a65475862486c764471304b3537456d4b5441394d72482b6466612f77442b757679362f5976385a4477662b304834665361514a626177736d6b7964686d5541782f683569702b6466714c2b48745877325a513561726c3350307a4c716e4e5355657755555556354a36595555555544504b76327156446673362b5031502f4145444750354f707238365032646668753378532b4d6e68335132694c324333417662342b6c76455337666778327150646858364d2f745349542b7a78342f34352f7371512f38416a793572794c39675434537434593846332f6a6655494d6168723249624c634f56736b6637772f3636506c766f696e6f636a337350575648444e7338537654397269456a367734786744487036442f4f4b4b4b4b384a367535374b566c594b4b4b4b51776f6f6f6f414b4b4b4b414369696967416f6f6f6f414b4b4b4b414369696967416f6f6f6f414b4b4b4b414369696967416f6f6f6f414b4b4b4b414369696967416f6f6f6f414b4b4b4b414369696967416f6f6f6f414b4b4b4b41436969696d42382b2f384b72506a623973432b38593338544e7058685853725333742f4d58355a6231305a31786e7273535463663841615a4b2b67763841502b667a707178716d2f617171574a5a734471324e75342b7077422b51703162564b7a714b4b3747564f6d6f5838776f6f6f724132366852525366384348705474665157317a356b2f622b38624477373847344e43686b32335869432b53426b7a3878743473537554375a3873666a58357a656c66522f3765506a34654c506a51326a57386d2b79384f57363258422f3565484b79532f674d6f762f41414131383331397067616270555970376e78324e714b64585139442f5a372f414f53796547662b75306e2f414b4b65767563644258777a2b7a32762f4635504450384131326b2f39457658334d4f6772363741667733366e345a78662f766366515769696976545067516f6f6f6f414b4b4b4b414369696967416f6f6f6f414b4b4b4b414369696967416f6f6f6f414b4b4b4b414369696967416f6f6f6f414b4b4b4b414369696967416f6f6f6f412b55663278462f347133773233727038672f384149352f7872774b766f583973614d4c3467384c766a72617a443870312f7741612b65712b5a78532f65732f6675486e664c344d7336547156786f757057756f3262474f377335593534587a794853514d4d666b4b2f5a50775a3472742f473368485250454e6d32363231537a6876453238376438594a48356b6a384b2f4754302f5038415376304b2f774343666e784b587842384e6451384958456f4e376f452f6d573674314e724b5351666f73676b48734757766d38796f75554f592b2b7936716f7a355436726f6f2f2b742b7446664b6552395030754646464a534559486a37775a612f454c776671766879396c6b67733954684545375266663262675342376b444834317336665932326c3246745a5756756c725a327972444644474d4a48476f326851505143702f542f4a2f2f58522f6b31664e4a726c3645387176634b4b4b4b676f4b4b4b4b414369696967416f6f6f6f414b4b4b4b414369696967416f6f6f6f414b4b4b4b414369696967416f6f6f6f414b4b4b4b414369696967416f6f6f6f414b4b4b4b414369696967416f6f6f6f414b4b4b4b414369696967416f6f6f6f414b4b4b4b41442f4a6f6f6f7067464646464959566765505047566e3850664265732b4a64515943313075316b755758707649487972395759716f397a572f77447a2f77412f317234772f77434368667859467270756c664432776d2f6658525855645356447973616b2b544766544c5a62482b7744304e646546707572566a477878347171714e4e79506958576459752f456d7358757261684a3531396633456c7a4f35505752324c4d66707952564b6c2f774431662f57704b2b356974456a34742b382b5a6e6f763750662f41435754777a2f31316b502f414a426576755564425877332b7a763833786d384e2b306b332f6f6c362b3546723644412f77414e2b702b4e635966373348305174464646656b66416852525251415555555541464646464142525252514155555555414646464641425252525141555555554146464646414252525251415555555541464646464142525252514238782f746b522f77436d65453339597270662f48347a2f57766e4376706a39737150397a34536b376237706630692f714b2b5a362b61785838526e37317732373564414b394c2f5a312b4c4466427a3472365472386a4e2f5a556a4730314b4e6634375a7741782f344364726765712b35727a536875684858362f7258425569716b4f552b727079644f664d6a39737265346a7572654f6547525a6f5a464470496879724b514343443659357a337a55677965612b4966324d2f32713950302f53375034662b4d37354c4e595235576a6172635362554b456b69336b596e417766754d547432355850414a2b32306663696b484f34626c622b384d6452366976693852683530616c6d6a374844596856596a756e616d65616f6b5a4d6a7a464734726e356775634534394f4d413979434b3466347866476e777438442f44636d712b4a623159335a66394630324d67334e342f7744645253667a62377139794b2b5150325566326d39592b496e375565717965495a6c6967385432445764705a786b6d4b32386a3537654a4d2b692b614365374f543372536e6770314b626d3942564d56434d6c464d2b2b2f35662f586f70464f373348742b644c586e50527448617456634b4b4b4b5142525252514155555555414646464641425252525141555555554146464646414252525251415555555541464646464142525252514155555555414646464641425252525141555555554146464646414252525251415555555541464646464142525252514155555658532f745a4e516b7355756f6e764934784b397372677971687a7463726e495534504a3434713478633945544b536a7132574b50382f686a7252334177326654484e5a48696a78567048677252626a567465314b33306e54726464386c78644e735563634141386b6e737655315561633550596c31497857724b6e784138643658384e664275712b4a645a6c386e5437434c6551443830725a49574a66566d6247507165774e666b56342b3862616c385350476d722b4a7456666466366e4f5a33565438694c30574d66374b71416f396c487258724837556e3753302f783031365054394b45316e34503036526a615179664b397a4a676a7a3546365a326e43727a74474f7553523454372f774436712b73774747396a486d653538786a4d543757584b74684b4b4b4b3951387339482f5a31582f69383368332f414b3654482f794339666361313851667336632f47627739395a762f4145533966634134723338442f446671666a5047442f32754b386b46464646656b664242525252514155555555414646464641425252525141555555554146464646414252525251415555555541464646464142525252514155555555414646464641425252525142383766746b52377448384b53644e743363722b6361482b597235647236722f414778496433684877394a6a37756f794438346a2f68587970587a654d5837316e377077752f3841684f6a36734b4b4b4b347a3634472b626475373775764a35474457375a2f4637783134503039624c5176474f7561545a6b62667339707145736351474f67554e6744365668566e36726e7930794d2f502f537035564c346b5847556f364a6b47726178714f7658383139716c3764616c657944456c786479744c497739437a456b6a36316538442b4c4c6e77483479305478485a73526461586577336b6650585a4944672f555a483050657362336f713346637469597a616e646e376d6154716c7272326b325770324c37374b2b68573567596434335658552f6b772f4f726c664f583742337847486a6a3442324f6e7a5337373777354f2b6c7a647959686834572b6d776c662b41653166526c6642346943705658412b326f565061553479466f6f6f726b4f6b4b4b4b4b414369696967416f6f6f6f414b4b4b4b414369696967416f6f6f6f414b4b4b4b414369696967416f6f6f6f414b4b4b4b414369696967416f6f6f6f414b4b4b4b414369696967416f6f6f6f414b4b4b4b414369696967416f6f6f6f414b4b4b4b41415a59685647537877507236562b5233375658784d752f466e37526e6976574e4f765a5955734c722b7a724b34747047526c573358797371796b454173486267394772395266697a3430692b4850777a3855654a7047414f6d61664e504572486870647045512b706b4b697678556d6c6c754a6e6d6b646e6c6b4a64324a355a6a387850314a7236624b6164303574487a3261566d755745576431622f487a346d57734967672b4948695a4976376f3153596a395772417666464774654b7456696e317656372f414669345837736d6f584c7a4e3035494c45347a3756682f7239617361667a65522f37702f6c58304368466249384c32733237584e7663654d632f352f77414b5368653146485735495555555541656c2f73332f41504a5a76442f74396f502f414a426576754376682f38415a7638412b537a61422f7533482f6f6c362b344b3933412f7733366e347678662f766b6652666d46464646656d66436852525251415555555541464646464142525252514155555555414646464641425252525141555555554146464646414252525251415555555541464646464142525252514234582b313544752b48756b79592b3571692f72464a5879525832482b316e47482b466b6266384150505534442b617943766a79766e3862705650322f6857563844627a59555555563535396d465564572f314b6e2f622f414b5665716a71332f4871762b2f3841306f4179364b4b4b766f52315071662f41494a342f456765452f6a4c6365484c6958625a2b4a62566f45586f50744557586978395235692f384346667068313648746d767735384d2b49627a776e34693076573950637858326e58556433412f3931304959666753674834312b316e6776785a5a655050422b6a654939504f367a31533069753438667737307a745075446b665547766d633070576b717152394e6c74546d6936624e75696969766e4433554646464641425252525141555555554146464646414252525251415555555541464646464142525252514155555555414646464641425252525141555555554146464646414252525251415555555541464646464142525252514155555555444369696a4237636e2f4f616472744a45743871625a38672f38414253483467663248384c3947384a78532f77436b61396665664f6f362f5a34414750344752302f37355057767a6c723376397437346a6a34672f487a57496f5a664e303751522f5a4e76744f564a6a793072666a497a2f39386976424b2b367764503256474b506a4d5a55397056624372476e6638666966512f797176566a54762b5078506f6635563348436253394b4b4636555642515555555541656d2f73322f38414a5a74442f774232342f3841524c3139765638512f73322f386c6d30482f6475442f35426576743676647750384e2b702b4d63582f77432b52394546464646656d66434252525251415555555541464646464142525252514155555555414646464641425252525141555555554146464646414252525251415555555541464646464142525252514235462b314c44356e77687532786e79373232662f774166492f7258786a5832332b307048353377623173342b354a62762b557966343138536d764278333852483752776a4b2b4466714a525252586d6e3351565431526639464873772f7771355654564f62552f37772f6e5336675a4646464661456964427837667058364b2f7744424e2f346f6a5876414f7265434c7558646461444c397073317a7962575a766d55657953357a2f313046666e5531656e2f414c4e6678575077642b4d58682f78444b3554546d663748714367384e61794149782b71384f506442584a69715874714c67646d45712b7a7170397a3969714b59726830566c634f724145534c794344673548346e50307854362b44635846325a39704633536143696969704b4369696967416f6f6f6f414b4b4b4b414369696967416f6f6f6f414b4b4b4b414369696967416f6f6f6f414b4b4b4b414369696967416f6f6f6f414b4b4b4b414369696967416f6f6f6f414b4b4b4b414369696967416f6f6f6f47466356385a76694846384a2f6862346b38565445655a70396d7a32364e2f484f7732516a3647526c2f414775317234522f7743436b3378584737772f385062476244444772366e7450587173434832787666487574656a6761587461715278597570374f6d3266444e316453336c314a6354794e4c504d7a5379534d636c6d596b6b6e334a4e5230692f4c2f414a2f4b6c7237665a57506957373668566a54762b5078506f66355658717870332f48346e315038715441326c3655554c306f704642525252514236622b7a622f77416c6d30442f414b3533412f3841494c313976563851667334482f693832676653342f7744524c313976313732422f68763150786e6a442f65342b694369696976535067776f6f6f6f414b4b4b4b414369696967416f6f6f6f414b4b4b4b414369696967416f6f6f6f414b4b4b4b414369696967416f6f6f6f414b4b4b4b414369696967416f6f6f6f4138382f61416a38373450654b41656473437638416c4b682f705877773166652f786b747674587770385752415a4c61624b332f664944663072344962722f6e307277736576665450312f6736582b7a53585a695555555635682b6868565855747632562f592f3171315666554275745a5058476631704159744646465753464a2f43546a35656d503655744a363042747166716a2b77333858763841685a767758744e50764a2f4d317a773456303235796373384b726d43552f384141464b6b397a45612b6950382f7743667772386b5032522f6a4e2f77706e3477366465587477597441314d4377314966777045375953556a3169666133304c4475612f57304d4741494f51636b45633548596a3669766a387777377056584a624d2b7577465a3161646e754f6f6f6f72787a31416f6f6f6f414b4b4b4b414369696967416f6f6f6f414b4b4b4b414369696967416f6f6f6f414b4b4b4b414369696967416f6f6f6f414b4b4b4b414369696967416f6f6f6f414b4b4b4b414369696967416f6f6f6f414b4b4b536744503137584c5077766f656f6178715536322b6e36666279584e784d65696f696c6d50344253333544765834782f46663467587678552b496d752b4b723363732b705854534c456638416c6c474f496f682f756f716f6663477675542f676f70385a6c3044776c592f4433547039742f724f3236314d6f334b57694537497a364752786e36522b687238386638416139756e2b663841504a7236374c61447055334b5737506c637972633831434c456f6f6f72326a7877717870332f48346e342f797176566d772f342b3050312f6c5142733055555648556f4b4b4b4b5948706e374f4a2f34764e34662b6b2f36777658322f5878422b7a65706234796143422f434c676e384948723766723373442f446671666a5047482b2b5239462b59555555563652384746464646414252525251415555555541464646464142525252514155555555414646464641425252525141555555554146464646414252525251415555555541464646464147483433745466654339657475766d6166636f4239596d7238376c4a4b7154314b676a38712f536d347478645738735444496c6a5a442f774143424839612f4e716148374e4e4a45654768646f7a2b42492f70586a593961706e367277624e636c53413269696976495030304b6876426d316c39647639616d706b79715958482b7a51427a347061526157714a4369696967424778757a3236477631452f595a2b4f492b4b5877746a3048555a392f69507779715730753979586e74543873556f396345624366396b487132612f4c7476307a58662f41414c2b4c6d6f2f4248346c3656346d73743073454c65546532696e417562567941306550584142486f5558304e63574b6f653370637032344f7336565333512f5a7169733377393467302f785a6f5668724f6b335333756d61684174316233436447526743702f4c647831423437567066722f414a35723461555a5262697a374f4d6c4a5851555555564a515555555541464646464142525252514155555555414646464641425252525141555555554146464646414252525251415555555541464646464142525252514155555555414646464641425252525451423764502f315669654e7647476d2b4150436d736549395a6d386a54644d74326e6e62767442487944315a6a38716a314e62524875507a796675312b65502f414155442f614358784a727966446251726f5070656b792b62717278746c5a62705075785a48565978317a2f41426e2f4147613738486833694b7158513463565856474466552b582f6966385264532b4b2f6a335750464f71746d363147667a504a553557474d484555612b797067666754314f6135616b58702b4f632f68696c7237644a4a4a492b4d6b334a3359555555557842566e542f77446a3658327a2f4b713157744e2f342b682f752f38413171414e696969696f366c42525252544139542f41475a593933786b306b2f33626536592f7744666876384147767469766a4c396c61447a66693541783538757875472f4e56582b74665a7465396766345a2b4c635774665845764a4252525258704877775555555541464646464142525252514155555555414646464641425252525141555555554146464646414252525251415555555541464646464142525252514155555555414b7679734b2f504478355948532f4858694b7a786a794e52754977503841746f325030723944473756384d66744161642f5a337867385371426a7a706b75462f344847702f6d5772793863727875666f664231546c727a673375656530555556345a2b7764416f5942677739566f706142484f594f37487669696e7a5a5761516637644d7169516f6f6f6f414b5030346f6f70676661483741663752692b4874536a2b477669433545656e5838686b3061346b6261494c6c7557674a50524a503466522b5034712f51662b65534d6450722f414a2f2f4146312b4655636a77794c4a48493063696e6572716556624f6367396a303539685836686673622f414c54532f476a77754e43313236566647656b78425a6478432f6234426b4364522f66584f4842505842373866505a6a684c2f765949392f4c385674546b7a36556f705078375a5048536c394b2b59737a365073304646464649416f6f6f6f414b4b4b4b414369696967416f6f6f6f414b4b4b4b414369696967416f6f6f6f414b4b4b4b414369696967416f6f6f6f414b4b4b4b414369696967416f6f6f6f4150576a306f39665375512b4b66784d305834512b427451385561374b59375331552b584370486d5845782b3543673773782f41446e73636130342b306b6f78366d6335716d72746e6d6637584837513066774b384176447073794878647179764670306644474263346535492f75723871703675636441612f4b53616153346e6b6d6c64705a704733764935797a4d546b6b6e75633835506575722b4b76785131723478654f4e52385436354e75753774787368552f7572654a51775346423256527837354a4f535354794e66623454447244303764543437475633586d4c52525258596351555555554146584e4b2f342b574a374c2f57716458644a5839354c394d66725142713055555648556f4b4b4b4b5948754837493976356e784b314754482b71307951352f33704977503146665864664c4837484e72753852654a62727235646c46466e36796c762f5a612b70362b6777617453522b476355543538664a647242525252586f4879415555555541464646464142525252514155555555414646464641425252525141555555554146464646414252525251415555555541464646464142525252514155555555414666482f37576d6d6d302b4a646e6442634c65616445785071794f366e2b517237417235742f624730762f522f4447714266757450614d636469466b412f7744517134635847394a6e3176444e56557366465071664d31464646664f6e377346464646416a46766c435855672f3273315871337161663655575064636a3371705645685252525141555555554146612f6850785a71766766784a702b766146655361647131684d4a6f4c6d452f4d6a442b616e6b45647763484972496f2b764e4431566d4e4e7864306672742b7a622b30566f33375158684662694578575869577a436a55744a56386c483665624833614a7345352f687a7350494250735863667a7238522f41506a375866686e34737366455868322b6179314f3062636a41626b63484f3548552f6552687756397a36437631582f5a312f615238502f744265472f4e7453756d2b4a4c4e41645230646e2b65506e62357352504c7845392b6f5042786b452f4c592f4138737661773250714d486a5931493873747a3248316f6f4a394f2f546a4766383961542f503431344631657837586d68614b4b4b4242525252514155555555414646464641425252525141555555554146464646414252525251415555555541464646464142525252514155555555414646482b656f39656c5a327661377033686a5237335664577659644d30797a6a616165367547326f6941636e50716577376e6b656c58474c6b306f366b7553697273585874637350444f69337572617264786166706c6e475a70376d64734a47673675542b6e723041425046666c4a2b314e2b3064642f482f786e7574784e6165464e4e5978365a59763872636b673345672f7743656a593664414f4d3953647a39724439724b2f38416a747172614c6f725461643448744a53385544664c4a66534b6347615965672f68542b45636e4c47766e5941466763636976726346673151555a7a33506c635a6a5061506b6a7346464646657765534646464641425252525141567061546a3936666344382b617a6130394a58393149665676354367432f52525255464252525254412b6e2f324e374d4c70666971374b3438793474347733305279522f34392b6c66526c65492f736b325032623461336c7a6a6d35314f54482f415552663537713975723662444b314a48382f352f4e547a436f2f4d4b4b4b4b366a35304b4b4b4b414369696967416f6f6f6f414b4b4b4b414369696967416f6f6f6f414b4b4b4b414369696967416f6f6f6f414b4b4b4b414369696967416f6f6f6f414b4b4b4b414376482f414e716653547148776e6d7542392b7776494a786b64464a614e763059666c587346637238564e4650694434622b4a724252756b6b302b556f6f4838537276483672574e61504e5461505579757437484755352b5a2b663146432f4f6f492b754b4b2b5632756d6630624271556562795155555555444d37566c2b614a7662465a31617571726d335667507574575654516d464646464d515555555541464646464143652f53746a7768347731727748346a734e633044554a744d315779635044635735354848336364775238704279434f6f4e592f38414b6c2b764e445361737870744f365031562f5a672f613230583437324d576a366b494e4738627852427062447046654b6f356b684a50346c507644714e7735723644483364774f52304a376654362b7670583457574e39633656655158566e4e4a61336345676c696e67636f38624135444b7736456574666f482b7a442b3362612b4a2f73586862346a3345646a713742597258583249534b3639466e37527366372f33472f69323138356a63426f366c4a4830574578392f636d66614646497242756855383434502b656158363138323130506669314c564252525253414b4b4b4b414369696967416f6f6f6f414b4b4b4b414369696967416f6f6f6f414b4b4b4b414369696967416f6f6f6f414b4b4b72586c2f485a6f43334c6e6f6e656d7464674d62783938514e422b4750686d373851654a4e526a30335337644154492b437a746a68493136733764735a72387576326b2f3271504548783831567256524a6f3367363266666161537235337344685a703248444f50546f6f34555a357236792f62753844542b4f2f67322b76516a6466654737675870564d342b7a4e694b62334a56696a5a394661767a633648356634667772367a4c6350434d46556535387a6d4e65642b5262446476556e75632f34557139365769766232647a77776f6f6f6f414b4b4b4b414369696967417257307464747144366c6a2b754b794457335972747334782f736b2f6e535930574b4b4b4b51776f7a52534e38716b2f6a2f41446f5772534a6b2b574c665a4833442b7a6a702f7742682b4465674847476d3836352f37376d59352f37354172307575632b48476c2f324c38502f4141335a626470683032414d50396f6f4850366d756a7236716b7255306a2b636379716530786453586d4646464662486d68525252514155555555414646464641425252525141555555554146464646414252525251415555555541464646464142525252514155555555414646464641425252525141556a4b736e79754d71774959656f4a786a3871576b624e4a37463035636b6f79507a6f38546153336833784e71756d4d434773377157332f42584948364b745a6c656e66744a364a2f5933786531647775493735493731636a6a4c4b4e332f6a7974586d4e664b316f326d7a2b6a3876717174686163302b675555555669656751587937724e7833362f77434e5959726f5a4638794e674f36317a7967357766582f774456564954466f6f6f70694369696967416f6f6f6f414b4b4b4b414438545346667663646576336561576b774f7662464c7a4b5736736670442f414d452f66466e69665550685671446139716478714f6a3239364c4c53347267377a42476941794257504a514d36674b53514e7078583170464d733865394733782f722f41505772776e396d3377784634522b4250676d7a6948456d6e5233736a4653417a7a6b7973324d64506e412f4376543757386b745a4e385459395650513138566a47716c5638703976685534303166736458535a2f4771566a716b643577663363672f68592f31713739344473665470586e4e4d3652614b543655744667436969696b41555555554146464646414252525251415555555541464646464142525252534150386d676576536f6269366a74597a4a497751652f5838753959642f71306c336c554a534d656e5531616a634337666175735037754142354f376471784a4a476b5a6d64697a65744a363976363166307a536e75323879543559562f38652b6c61787445437133683244784a70743759366847736d6d5874764a6158436b5a3352794956636654444776787a2b49586775382b48666a76586644462b762b6d61546553326273656a675038414b77486f5677666f777239746b6a574e51716742514d4143767a772f344b526644482b782f473268654e72534846747256763841593774674f6c78436f32452b37526e482f624d313757563137533547654a6d564a79687a6f2b4f4b4b5163307466546e7a41555555554146464646414252525251416a5630454b375955486f754b77565863305939654b36476b786f4b4b4b4b5177717a707469327061685a32696a6339784e484375503970386631717458612f4258536a72487859384c5735584d6133736337656d324d47512f2b67667256306f3830346f34386255396c68357a665a6e337048454c654e496b487978674b506f426a483555366b47546e6e766d6c7236754f6973667a62566c7a564a4d4b4b4b4b6f7a4369696967416f6f6f6f414b4b4b4b414369696967416f6f6f6f414b4b4b4b414369696967416f6f6f6f414b4b4b4b414369696967416f6f6f6f414b4b4b4b414369696967416f6f6f6f412b5a763278744432792b473961586e634a724a79505965597566384178385638323139722f744d61442f626e776c314f5646335336644a48656f523132717a4c4a2b6a4838712b4b50355638376a6f3874512f636546712f7463456f4e366f4b4b4b4b345437454b77726c664c754a46782f466e2f437432736a556b323349505a6c422f4b6d674b6c4646464d6b4b4b4b4b4143696a2f5035306c434479466f6f6f6f4151317465432f444e783432385a614e34667456506e366e65773249326a4f433069676b6577424a2f437356712b6b6632416642482f4356667441324f6f537837376651624f6255577a326b4f496f2f2f414236545034566c556d71644e73326f78353669522b6d663967573176707474593271434b4f7a6957336741417745544371507067566a545250444956636257553450482b6550657574785658554e50572b6a34346b485276663841756e327234506d39356e3355565a484e5a786a422b62736638397130374857486878484f444b765a75395a3030623238685231327633482b65314e3767392b31506c7555645a444d6b796c6b6265762b7a2f6e696e2b6c636e424e4a624d486a63723634372f6857785a36307333795459522f373361732b52676174464e444267434f516568703338717a594252525355414c525252514155555555414646464874336f414b536c583235506231716e64616c4461384d323932364b74466d42623344424f65505773323831714f484b772f7648483858596634316d586d70543352786e596e2f504e542f57716e5447303844707857795863423830386c784a756c637566663841682b6e6f615a6b357063666a2f6e2b6461326d364f573279546a6e71713156314859434854644a4e786957634552396c3645317668516f774267446f42327061503531673363595635462b3156384d6a385676675a346b306d474c7a7454746f663752734d444a4d38494c6252377375396638416764657530677a786a6e48544e62305a756e4f4d305a56594b634a4a6e3454723930652f542f476c72316a39716634586e34542f41427738533650424435576d584576396f3241366636504e6c746f2f335733722f77414272796576766f53556f715350684b6b58436269776f6f6f7169416f6f6f394f31424e776f6f6f6f4b4a7256643131456f2f765a2f787263724830316431316e7274556b666a577853593046464646495956374e2b7968704a7676696a4c6545626c736247615450594d3545592f5174586a4e66546e37484f6b4350542f4575714d6e2b736d6974465073716c325038413438442b466465456a7a565435766943723748415464397a364f587653305556394966674955555555774369696967416f6f6f6f414b4b4b4b414369696967416f6f6f6f414b4b4b4b414369696967416f6f6f6f414b4b4b4b414369696967416f6f6f6f414b4b4b4b414369696967416f6f6f6f41706131704d5775365466365a4d41597279475733625049777946542f512f6a5835793364704c7039784e617a41696143526f7041777751564a422f55562b6b2f77444c4f612b476632677644763841776a76786131304b7579433959583866702b39424a412b6a4236386e48777637782b6b3848346e6c71546f7437366e6e56464646654b667249566e6173755552763770492f41316f315731474d53576b6d4f6f7766796f4178714b4f333430667a2f3841723152495568342b6c47345a36386366352f7a327256384d2b4762377868726c7470576d7865646454754547507570304a647652514f662f414e646155344f704a526a757a6d7846654747704f7055646b6a572b486677343154346b61764a5a36667469686951764e64535a3875504a4a525366556e6a486f4365784135792b302b3430752b6d7372754a6f726d336c614e34543935474278673139786541764246683442384f7761565a6676434d76504e6a35705a437079782f50474f3361764776326d666879566b5478625952486132497451436a766e354a5031326e33783631394a694d716c547779714c6671666c475638635538626d30734c4a7051657a506e75696b2f7a2f6e396157766c2f4a6e362b72573145623775612f512f2f676d70344a4f6e2f442f785234706c6a32793672664a5a77733354796f4633484239354a4d663842723837393347547a775350657632502f5a7638446a34642f413377626f54782b58635261656c7a63726a6e7a70515a5a41666346386668586c5a6c55396e5261367339624c71664e55356d656c3065767652525878683961566236786a766f79434e73673650332f774431567a6c7a6279577378535159485a7658365631762b663841507455467a615233555a53515a392f3776307134797342797737306d422f6856752b302b5379626e6d4d394841347172577432774a72612b6e745778472f48397875567259746463686b7835703871542f7741644e5946482b525373674f77566779376751792b713830656e63663375316372446453327a5a696371503770354661647672783654782f3841416b36316c796762464848725653485562656235684d6f396d3471794833644f662b4243697a41645255556c7848454d75797150393456546d31794350376761567662696c5a676148734f543664367258576f5132694d4a487766376f3561735734316134754d674e3561663750583836702b767166347539616367462b3631696135796966756b506f65667a71683638376a36393650386a2f36314a2b465537414831344e4f6a5579534245355070556c72615358736d324d66384350537568733950697334384b4e7a393337304f5341726166704b57362b5a4c68706654742f38417272533748314e4c2f6e2f5076536438316c4a674c5252525567464a696c6f70676647662f42535434614856764247672b4f4c534c4e786f383573727a61502b58655535516b2f374d67412f376164712f504f7632312b496e676d302b49336758586643313650394731657a6b745366376a4d7043503841554d46623667562b4b75746154642b48395976744c76347a4265324d375739784777787464474b7350726b455639666c7462326c4a5166512b557a4b6c79315061574b6c464a516550797a58726e6b57754c5451335447447a3635727176687034466d2b49586971313077626f37542f414674334d763841797a6842327366716567397a375636333866666776446157502f43522b48724c79597264466a76625341636246345752522b436876775065765370344b7055704f716b664b5976694c4234504851774e57587653506e7a6e303976306f704f4f65635948722b482b543730746566746f7a366c5354584d74692f704b38753330466164564e4c5862616c75374e6d7264516139416f6f6f6f41582f503631397166737936522f5a487768307952303276665454585a34352b5a69712f687455666e5878573254776f334e673441376b74774b2f524c77666f712b485043756a615742742b7832554d42782f654341452f6d545871594750764e6e3535786857356350476e6656763844596f6f6f72334438664369696967416f6f6f6f414b4b4b4b414369696967416f6f6f6f414b4b4b4b414369696967416f6f6f6f414b4b4b4b414369696967416f6f6f6f414b4b4b4b414369696967416f6f6f6f414b4b4b4b4143766c72397353326958784a34626d434153765954686d396353444835626d2f4f69697550462f7741492b71345a2f774352684831506e6d696969766d7a3934436b6d554e4734493747696967446e38664e2b464a39376b2f35356f6f7169526f6b4c5a42373775332b316a2b56665458374c4f6c326b666833576452574252656d645966502f6943593362523644504e464666515a516c395a67666d764873705279703872736536517357786b39717061375a51616a6f743961334d537a573874704b7278734f43504c4c667a4150314646466666346a2b464d2f6c6e4c644d625461377850674354355a6d55644679422b42775030714c7a47786e5050306f6f72386c6c385a2f6365443177384c6d3534507334622f786a6f31746352695743612f74596e6a626f56615251522b494a7239774a76335446552b56567a6744747a5252587a4f623752507238732b4557696969766d4436414b5369696b417831456e6d4977334a36477558756f316a754756526852326f6f726f694248304b652f576969696d415572664b654f4b4b4b5944562b62727a54515376516d6969706b4135754b525475586d69696b4175305574464655416633783248536e514b4a4c6856626b656c464651774f736968534b4c59696856394254714b4b78594252525256414646464649416f6f6f6f415848796b656f72386e503233395074744e2f615a386143316857465a504a75574339444939756a4f33314a352b744646652f6c50787950487a4c2b45654565314466306f6f72366a3752386e4c592b6f6632567247336a384836686472456f755a727352764a335a524747412b6d574a2b70723274314575314841644762793256686b4653417042396943614b4b2f544d74532b704d2f6a76696163763764714f2b7a50686a346a365a6136503432385157746e43734676625872527852726b68564a62493537567a644646666e754c2f4149682f563253747977554c6d31592f38656b662b35566969697551397a6f46464646424a71654434557550462b6877794c766a6b314331566c505167794c6b562b693766652f4d305556375742325a2b5463592f774153495555555636782b6242525252514155555555414646464641425252525141555555554146464646414252525251422f2f396b3d);
INSERT INTO `user` (`U_ID`, `FIRST_NAME`, `LAST_NAME`, `AGE`, `GENDER`, `EMAIL`, `PASSWORD`, `CONTACT`, `image`) VALUES
(51, 'Araf', 'Bin Mortuza', 10, 'MALE', 'abm@gmail.com', 'aBM12mortuza', '01891345901', ''),
(52, 'Araf', 'Bin Mortuza', 10, 'MALE', 'a@gmail.com', 'qwwret1234Q', '01891345901', ''),
(54, 'Araf', 'Bin Mortuza', 10, 'MALE', 'ABMabm@gmail.com', 'asD123ASD', '01891345901', '');

-- --------------------------------------------------------

--
-- Table structure for table `userappointment`
--

CREATE TABLE `userappointment` (
  `D_ID` int(11) NOT NULL,
  `U_ID` int(11) NOT NULL,
  `S_ID` int(11) NOT NULL,
  `CHECK_IN` time NOT NULL,
  `CHECK_OUT` time NOT NULL,
  `SERIAL` int(11) NOT NULL,
  `PRESCRIPTION` text DEFAULT NULL
) ENGINE=InnoDB DEFAULT CHARSET=utf16;

--
-- Dumping data for table `userappointment`
--

INSERT INTO `userappointment` (`D_ID`, `U_ID`, `S_ID`, `CHECK_IN`, `CHECK_OUT`, `SERIAL`, `PRESCRIPTION`) VALUES
(1, 7, 2, '00:00:00', '00:00:00', 1, 'Paracetamol,VitaminD'),
(2, 7, 8, '00:00:00', '00:00:00', 1, NULL),
(2, 54, 6, '00:00:00', '00:00:00', 5, NULL),
(3, 51, 21, '00:00:00', '00:00:00', 4, NULL);

--
-- Indexes for dumped tables
--

--
-- Indexes for table `appointment`
--
ALTER TABLE `appointment`
  ADD PRIMARY KEY (`D_ID`,`U_ID`,`S_ID`),
  ADD KEY `USER_ID_AP` (`U_ID`),
  ADD KEY `S_ID_AP` (`S_ID`);

--
-- Indexes for table `category`
--
ALTER TABLE `category`
  ADD PRIMARY KEY (`C_ID`),
  ADD UNIQUE KEY `NAME` (`NAME`);

--
-- Indexes for table `doctor`
--
ALTER TABLE `doctor`
  ADD PRIMARY KEY (`D_ID`);

--
-- Indexes for table `d_category`
--
ALTER TABLE `d_category`
  ADD PRIMARY KEY (`D_ID`,`C_ID`),
  ADD KEY `C_ID` (`C_ID`);

--
-- Indexes for table `schedule`
--
ALTER TABLE `schedule`
  ADD PRIMARY KEY (`S_ID`),
  ADD KEY `DOCTOR_ID_S` (`D_ID`);

--
-- Indexes for table `user`
--
ALTER TABLE `user`
  ADD PRIMARY KEY (`U_ID`),
  ADD UNIQUE KEY `EMAIL` (`EMAIL`);

--
-- Indexes for table `userappointment`
--
ALTER TABLE `userappointment`
  ADD PRIMARY KEY (`D_ID`,`U_ID`,`S_ID`),
  ADD KEY `D_ID` (`D_ID`),
  ADD KEY `U_ID` (`U_ID`),
  ADD KEY `S_ID` (`S_ID`);

--
-- AUTO_INCREMENT for dumped tables
--

--
-- AUTO_INCREMENT for table `category`
--
ALTER TABLE `category`
  MODIFY `C_ID` int(11) NOT NULL AUTO_INCREMENT, AUTO_INCREMENT=40;

--
-- AUTO_INCREMENT for table `schedule`
--
ALTER TABLE `schedule`
  MODIFY `S_ID` int(11) NOT NULL AUTO_INCREMENT, AUTO_INCREMENT=35;

--
-- AUTO_INCREMENT for table `user`
--
ALTER TABLE `user`
  MODIFY `U_ID` int(11) NOT NULL AUTO_INCREMENT, AUTO_INCREMENT=55;

--
-- Constraints for dumped tables
--

--
-- Constraints for table `appointment`
--
ALTER TABLE `appointment`
  ADD CONSTRAINT `DOCTOR_ID_AP` FOREIGN KEY (`D_ID`) REFERENCES `doctor` (`D_ID`),
  ADD CONSTRAINT `S_ID_AP` FOREIGN KEY (`S_ID`) REFERENCES `schedule` (`S_ID`),
  ADD CONSTRAINT `USER_ID_AP` FOREIGN KEY (`U_ID`) REFERENCES `user` (`U_ID`);

--
-- Constraints for table `doctor`
--
ALTER TABLE `doctor`
  ADD CONSTRAINT `D_ID` FOREIGN KEY (`D_ID`) REFERENCES `user` (`U_ID`);

--
-- Constraints for table `d_category`
--
ALTER TABLE `d_category`
  ADD CONSTRAINT `C_ID` FOREIGN KEY (`C_ID`) REFERENCES `category` (`C_ID`),
  ADD CONSTRAINT `DOCTOR_ID` FOREIGN KEY (`D_ID`) REFERENCES `doctor` (`D_ID`);

--
-- Constraints for table `schedule`
--
ALTER TABLE `schedule`
  ADD CONSTRAINT `DOCTOR_ID_S` FOREIGN KEY (`D_ID`) REFERENCES `doctor` (`D_ID`);

--
-- Constraints for table `userappointment`
--
ALTER TABLE `userappointment`
  ADD CONSTRAINT `userappointment_ibfk_1` FOREIGN KEY (`D_ID`) REFERENCES `doctor` (`D_ID`) ON DELETE CASCADE ON UPDATE CASCADE,
  ADD CONSTRAINT `userappointment_ibfk_2` FOREIGN KEY (`S_ID`) REFERENCES `schedule` (`S_ID`) ON DELETE CASCADE ON UPDATE CASCADE,
  ADD CONSTRAINT `userappointment_ibfk_3` FOREIGN KEY (`U_ID`) REFERENCES `user` (`U_ID`) ON DELETE CASCADE ON UPDATE CASCADE;
COMMIT;

/*!40101 SET CHARACTER_SET_CLIENT=@OLD_CHARACTER_SET_CLIENT */;
/*!40101 SET CHARACTER_SET_RESULTS=@OLD_CHARACTER_SET_RESULTS */;
/*!40101 SET COLLATION_CONNECTION=@OLD_COLLATION_CONNECTION */;
